<?xml version="1.0" encoding="UTF-8"?>
<!DOCTYPE mapper PUBLIC "-//mybatis.org//DTD Mapper 3.0//EN" "http://mybatis.org/dtd/mybatis-3-mapper.dtd" >
<mapper namespace="com.huawang.dao.meetingRoom.MeetingRoomDao">

	<sql id="query_productData_where1">
		SELECT
			t.ProductId AS productId,
			t.ProductName AS productName,
			t.wDefaultUI AS wDefaultUI,
			t.wMainDisplayUI AS wMainDisplayUI,
			t.wScreenCount AS wScreenCount,
			t.wMaxBitRate AS wMaxBitRate,
			t.bMaxBroadcastVideos AS bMaxBroadcastVideos,
			t.bMaxDownVideos AS bMaxDownVideos,
			t.bMaxDownVideosOfChiar AS bMaxDownVideosOfChiar,
			t.Codeno AS codeNo,
			t.bMaxUpVideos AS bMaxUpVideos,
			t.wMaxResolusionW AS wMaxResolusionW,
			t.wMaxResolusionH AS wMaxResolusionH,
			t.bMaxFrameRate AS bMaxFrameRate,
			t.wMaxDownAudios AS wMaxDownAudios,
			t.bDocShare AS bDocShare,
			t.bMaxOpenDocs AS bMaxOpenDocs,
			t.bMaxWBPages AS bMaxWBPages,
			t.bScreenShare AS bScreenShare,
			t.bDesktopShare AS bDesktopShare,
			t.bAppShare AS bAppShare,
			t.bRemoteControl AS bRemoteControl,
			t.bScreenLabel AS bScreenLabel,
			t.bMediaShare AS bMediaShare,
			t.bWebShare AS bWebShare,
			t.bChatP2P AS bChatP2P,
			t.bChatP2All AS bChatP2All,
			t.bClientRecord AS bClientRecord,
			t.bServerRecord AS bServerRecord,
			t.bPSTN AS bPSTN,
			t.bH323GW AS bH323GW,
			t.bTVWall AS bTVWall,
			t.bTerminal AS bTerminal,
			t.biOS AS biOS,
			t.bAndroid AS bAndroid,
			t.bMultiServer AS bMultiServer,
			t.bVote AS bVote,
			t.bFileTrans AS bFileTrans,
			t.bFileCabinet AS bFileCabinet,
			t.bApplause AS bApplause,
			t.bRinging AS bRinging,
			t.bAudioP2P AS bAudioP2P,
			t.bFreeSpeak AS bFreeSpeak,
			t.bAutoSpeek AS bAutoSpeek,
			t.bAutoRecvSelfVideo AS bAutoRecvSelfVideo,
			t.bAutoBroadcastSelfVideo AS bAutoBroadcastSelfVideo,
			t.productDescription AS productDescription,
			t.ConfMode AS ConfMode,
			t.productStruts AS productStruts
		FROM
			`t_product_definition` t
		WHERE
			1 = 1
	</sql>
	
	<sql id="query_productData_where2">
		
		<if test='productDefinition.productName!=null and productDefinition.productName!=""'>
			and t.ProductName LIKE "%" #{productDefinition.productName,jdbcType=VARCHAR} "%"
		</if>
		<if test='productDefinition.productStruts!=null and productDefinition.productStruts!=""'>
			and t.productStruts= #{productDefinition.productStruts,jdbcType=VARCHAR}
		</if>
		<if test='productDefinition.productId!=null and productDefinition.productId!=""'>
			and t.ProductId= #{productDefinition.productId,jdbcType=VARCHAR}
		</if>
		<if test='productDefinition.wMaxBitRate!=null and productDefinition.wMaxBitRate!=""'>
			<if test='productDefinition.wMaxBitRate=="0"'>
				and t.wMaxBitRate &lt;10
			</if>
			<if test='productDefinition.wMaxBitRate=="1"'>
				and t.wMaxBitRate between 10 and 50
			</if>
			<if test='productDefinition.wMaxBitRate=="2"'>
				and t.wMaxBitRate between 50 and 100
			</if>
			<if test='productDefinition.wMaxBitRate=="3"'>
				and t.wMaxBitRate &gt;100
			</if>
		</if>
		<if test='productDefinition.bMaxBroadcastVideos!=null and productDefinition.bMaxBroadcastVideos!=""'>
			<if test='productDefinition.bMaxBroadcastVideos=="0"'>
				and t.bMaxBroadcastVideos &lt;10
			</if>
			<if test='productDefinition.bMaxBroadcastVideos=="1"'>
				and t.bMaxBroadcastVideos between 10 and 50
			</if>
			<if test='productDefinition.bMaxBroadcastVideos=="2"'>
				and t.bMaxBroadcastVideos between 50 and 100
			</if>
			<if test='productDefinition.bMaxBroadcastVideos=="3"'>
				and t.bMaxBroadcastVideos &gt;100
			</if>
		</if>
	</sql>
	<select id="getProductDataCounts" resultType="Integer">
		SELECT COUNT(1) FROM `t_product_definition` t WHERE 1 = 1
		<include refid="query_productData_where2"></include>
	</select>
	<select id="getProductDatas" resultType="com.huawang.pojo.meetingRoom.TProductDefinition">
		 	<include refid="query_productData_where1"></include>
	    	<include refid="query_productData_where2"></include>
		ORDER BY
			productId ASC 
				limit #{i,jdbcType=INTEGER},#{rows,jdbcType=INTEGER}
	</select>
	<select id="checkProductName" parameterType="com.huawang.pojo.meetingRoom.TProductDefinition" resultType="Integer"  >
			select count(1) from t_product_definition where ProductName = #{productDefinition.productName,jdbcType=VARCHAR}
			<if test='productDefinition.productId!=null  and productDefinition.productId!=""'>
				and ProductId  &lt;&gt; #{productDefinition.productId,jdbcType=VARCHAR}
			</if>
	</select>
	<insert id="addDatas">
		INSERT INTO `t_product_definition` (
			Codeno,
			ProductName,                                                       
			wDefaultUI,          
			wMainDisplayUI,
			wScreenCount,
			wMaxBitRate,
			bMaxBroadcastVideos,
			bMaxDownVideos,
			bMaxDownVideosOfChiar,
			bMaxUpVideos,
			wMaxResolusionW,
			wMaxResolusionH,
			bMaxFrameRate,
			wMaxDownAudios,
			bDocShare,
			bMaxOpenDocs,
			bMaxWBPages,
			bScreenShare,
			bDesktopShare,
			bAppShare,
			bRemoteControl,
			bScreenLabel,
			bMediaShare,
			bWebShare,
			bChatP2P,
			bChatP2All,
			bClientRecord,
			bServerRecord,
			bPSTN,
			bH323GW,
			bTVWall,
			bTerminal,
			biOS,
			bAndroid,
			bMultiServer,
			bVote,
			bFileTrans,
			bFileCabinet,
			bApplause,
			bRinging,
			bAudioP2P,
			bFreeSpeak,
			bAutoSpeek,
			bAutoRecvSelfVideo,
			bAutoBroadcastSelfVideo,
			productDescription,
			ConfMode,
			productStruts,
			perMinutesPrice,
			perDayPrice,
			perYearPrice,
			productChannel,
			productCategory
		)VALUES(
			'1',
			#{productDefinition.productName,jdbcType=VARCHAR},
			#{productDefinition.wDefaultUI,jdbcType=INTEGER},
			#{productDefinition.wMainDisplayUI,jdbcType=INTEGER},
			#{productDefinition.wScreenCount,jdbcType=INTEGER},
			#{productDefinition.wMaxBitRate,jdbcType=INTEGER},
			#{productDefinition.bMaxBroadcastVideos,jdbcType=INTEGER},
			#{productDefinition.bMaxBroadcastVideos,jdbcType=INTEGER},
			#{productDefinition.bMaxDownVideosOfChiar,jdbcType=INTEGER},
			#{productDefinition.bMaxUpVideos,jdbcType=INTEGER},
			#{productDefinition.wMaxResolusionW,jdbcType=INTEGER},
			#{productDefinition.wMaxResolusionH,jdbcType=INTEGER},
			#{productDefinition.bMaxFrameRate,jdbcType=INTEGER},
			#{productDefinition.wMaxDownAudios,jdbcType=INTEGER},
			#{productDefinition.bDocShare,jdbcType=INTEGER},
			#{productDefinition.bMaxOpenDocs,jdbcType=INTEGER},
			#{productDefinition.bMaxWBPages,jdbcType=INTEGER},
			#{productDefinition.bScreenShare,jdbcType=INTEGER},
			#{productDefinition.bDesktopShare,jdbcType=INTEGER},
			#{productDefinition.bAppShare,jdbcType=INTEGER},
			#{productDefinition.bRemoteControl,jdbcType=INTEGER},
			#{productDefinition.bScreenLabel,jdbcType=INTEGER},
			#{productDefinition.bMediaShare,jdbcType=INTEGER},
			#{productDefinition.bWebShare,jdbcType=INTEGER},
			#{productDefinition.bChatP2P,jdbcType=INTEGER},
			#{productDefinition.bChatP2All,jdbcType=INTEGER},
			#{productDefinition.bClientRecord,jdbcType=INTEGER},
			#{productDefinition.bServerRecord,jdbcType=INTEGER},
			#{productDefinition.bPSTN,jdbcType=INTEGER},
			#{productDefinition.bH323GW,jdbcType=INTEGER},
			#{productDefinition.bTVWall,jdbcType=INTEGER},
			#{productDefinition.bTerminal,jdbcType=INTEGER},
			#{productDefinition.biOS,jdbcType=INTEGER},
			#{productDefinition.bAndroid,jdbcType=INTEGER},
			#{productDefinition.bMultiServer,jdbcType=INTEGER},
			#{productDefinition.bVote,jdbcType=INTEGER},
			#{productDefinition.bFileTrans,jdbcType=INTEGER}, 
			#{productDefinition.bFileCabinet,jdbcType=INTEGER},
			#{productDefinition.bApplause,jdbcType=INTEGER},
			#{productDefinition.bRinging,jdbcType=INTEGER},
			#{productDefinition.bAudioP2P,jdbcType=INTEGER},
			#{productDefinition.bFreeSpeak,jdbcType=INTEGER}, 
			#{productDefinition.bAutoSpeek,jdbcType=INTEGER},
			#{productDefinition.bAutoRecvSelfVideo,jdbcType=INTEGER},
			#{productDefinition.bAutoBroadcastSelfVideo,jdbcType=INTEGER},
			#{productDefinition.productDescription,jdbcType=INTEGER},
			#{productDefinition.ConfMode,jdbcType=INTEGER},
			#{productDefinition.productStruts,jdbcType=INTEGER},
			#{productDefinition.perMinutesPrice,jdbcType=INTEGER},
			#{productDefinition.perDayPrice,jdbcType=INTEGER},
			#{productDefinition.perYearPrice,jdbcType=INTEGER},
			#{productDefinition.productChannel,jdbcType=INTEGER},
			#{productDefinition.productCategory,jdbcType=INTEGER}
		)		
	</insert>
	
	<select id="getDataByProductId" resultType="com.huawang.pojo.meetingRoom.TProductDefinition">
		 <include refid="query_productData_where1"></include>
		 <if test='productId!=null and productId!=""'>
			and t.ProductId= #{productId,jdbcType=INTEGER}
		</if>
	</select>
	<sql id="query_MeetingRoomData_where1">
		SELECT
			t1.Codeno AS codeNo,
			t1.ConfID AS confId,
			t1.ConfName AS confName,
			t1.CurUserCount AS curUserCount,
			t1.IsOnOff AS isOnOff,
			t1.ServerId AS serverId,
			t2.CompTrueName AS compTrueName,
			t3.AdminName AS adminName,
			t3.AdminTrueName AS adminTrueName,
			concat(t4.ServerName,'-',t4.ServerIP) AS serverIp
			
		FROM
			t_confinfo t1
		LEFT JOIN t_compinfo t2 ON t1.CompID = t2.CompID
		LEFT JOIN t_admininfo t3 ON t2.AdminID = t3.AdminID
		LEFT JOIN t_serverinfo t4 ON t1.ServerId=t4.ServerID
		WHERE
			1 = 1
	</sql>
	<sql id="query_MeetingRoomData_where2">
		<if test='tConfinfo.confName!=null and tConfinfo.confName!=""'>
			and t1.ConfName LIKE "%" #{tConfinfo.confName,jdbcType=VARCHAR} "%"
		</if>
		<if test='tConfinfo.curUserCount!=null and tConfinfo.curUserCount!=""'>
			<if test='tConfinfo.curUserCount=="1"'>
				and t1.curUserCount &lt;50
			</if>
			<if test='tConfinfo.curUserCount=="2"'>
				and t1.curUserCount between 50 and 100
			</if>
			<if test='tConfinfo.curUserCount=="3"'>
				and t1.curUserCount &gt;100
			</if>
		</if>
		<if test='tConfinfo.serverId!=null and tConfinfo.serverId!=""'>
			and t4.ServerId= #{tConfinfo.serverId,jdbcType=INTEGER}
		</if>
		<if test='tConfinfo.confId!=null and tConfinfo.confId!=""'>
			and t1.ConfID= #{tConfinfo.confId,jdbcType=INTEGER}
		</if>
		<if test='tConfinfo.compTrueName!=null and tConfinfo.compTrueName!=""'>
			and t2.CompTrueName LIKE "%" #{tConfinfo.compTrueName,jdbcType=VARCHAR} "%"
		</if>
		<if test='tConfinfo.adminTrueName!=null and tConfinfo.adminTrueName!=""'>
			and t3.AdminTrueName = #{tConfinfo.adminTrueName,jdbcType=VARCHAR}
		</if>
	</sql>
	
	<select id="getMeetingRoomDataCounts" resultType="Integer">
	
		SELECT 
			COUNT(1)
		FROM
			t_confinfo t1
		LEFT JOIN t_compinfo t2 ON t1.CompID = t2.CompID
		LEFT JOIN t_admininfo t3 ON t2.AdminID = t3.AdminID
		LEFT JOIN t_serverinfo t4 ON t1.ServerId=t4.ServerID
		WHERE
			1 = 1
		<include refid="query_MeetingRoomData_where2"></include>
	</select>
	
	<select id="getMeetingRoomDatas" resultType="com.huawang.pojo.meetingRoom.TConfinfo">
		 	<include refid="query_MeetingRoomData_where1"></include>
	    	<include refid="query_MeetingRoomData_where2"></include>
		ORDER BY
			t1.ConfID DESC
				 limit #{i,jdbcType=INTEGER},#{rows,jdbcType=INTEGER}
	</select>
	<update id="updateServerIp">
		UPDATE t_confinfo set ServerId = #{tConfinfo.serverId,jdbcType=INTEGER} where ConfID = #{tConfinfo.confId,jdbcType=INTEGER}
	</update>
	
	<select id="getMeetingRoomData" resultType="com.huawang.pojo.meetingRoom.TConfinfo">
		 	select  AdminTrueName from t_admininfo where 1=1
	</select>
	<select id="getServerIP" resultType="com.huawang.pojo.meetingRoom.TConfinfo">
		select  ServerID,concat(ServerName,'-',ServerIP) as ServerIP from t_serverinfo where 1=1
				AND ((
					ServerType = '0' AND IsPad = '0'
				)
				OR (
					ServerType = '1' AND IsPad = '0'
				))
	</select>
	
	<select id="getServerIp" resultType="String">
		SELECT ServerIP FROM `t_serverinfo` t WHERE t.ServerID=#{serverId,jdbcType=INTEGER}
	</select>
	
	<select id="getCompTrueName" resultType="String">
		SELECT CompTrueName FROM `t_compinfo` t WHERE t.Codeno=#{codeno,jdbcType=VARCHAR}
	</select>
	<select id="getUserName" resultType="com.huawang.pojo.meetingRoom.TAdmininfo">
		SELECT AdminName ,AdminTrueName FROM `t_admininfo` t 
	</select>
	
	<update id="editProductDatas">
	
		UPDATE t_product_definition T
			SET 
			<if test='productDefinition.productName!=null and productDefinition.productName!=""'>
				T.ProductName =   #{productDefinition.productName,jdbcType=VARCHAR},
			</if>
			<if test='productDefinition.wDefaultUI!=null and productDefinition.wDefaultUI!=""'>                                                    
				T.wDefaultUI = #{productDefinition.wDefaultUI,jdbcType=INTEGER},
			</if> 
			<if test='productDefinition.wMainDisplayUI!=null and productDefinition.wMainDisplayUI!=""'>         
				T.wMainDisplayUI = #{productDefinition.wMainDisplayUI,jdbcType=INTEGER},
			</if>
			<if test='productDefinition.wScreenCount!=null and productDefinition.wScreenCount!=""'>
				T.wScreenCount = #{productDefinition.wScreenCount,jdbcType=INTEGER},
			</if>
			<if test='productDefinition.wMaxBitRate!=null and productDefinition.wMaxBitRate!=""'>
				T.wMaxBitRate = #{productDefinition.wMaxBitRate,jdbcType=INTEGER},
			</if>
			<if test='productDefinition.bMaxBroadcastVideos!=null and productDefinition.bMaxBroadcastVideos!=""'>
				T.bMaxBroadcastVideos = #{productDefinition.bMaxBroadcastVideos,jdbcType=INTEGER},
			</if>
			<if test='productDefinition.bMaxDownVideos!=null and productDefinition.bMaxDownVideos!=""'>
				T.bMaxDownVideos = #{productDefinition.bMaxDownVideos,jdbcType=INTEGER},
			</if>
			<if test='productDefinition.bMaxDownVideosOfChiar!=null and productDefinition.bMaxDownVideosOfChiar!=""'>
				T.bMaxDownVideosOfChiar = #{productDefinition.bMaxDownVideosOfChiar,jdbcType=INTEGER},
			</if>
			<if test='productDefinition.bMaxUpVideos!=null and productDefinition.bMaxUpVideos!=""'>
				T.bMaxUpVideos = #{productDefinition.bMaxUpVideos,jdbcType=INTEGER},
			</if>
			<if test='productDefinition.wMaxResolusionW!=null and productDefinition.wMaxResolusionW!=""'>
				T.wMaxResolusionW = #{productDefinition.wMaxResolusionW,jdbcType=INTEGER},
			</if>
			<if test='productDefinition.wMaxResolusionH!=null and productDefinition.wMaxResolusionH!=""'>
				T.wMaxResolusionH = #{productDefinition.wMaxResolusionH,jdbcType=INTEGER},
			</if>
			<if test='productDefinition.bMaxFrameRate!=null and productDefinition.bMaxFrameRate!=""'>
				T.bMaxFrameRate = #{productDefinition.bMaxFrameRate,jdbcType=INTEGER},
			</if>
			<if test='productDefinition.wMaxDownAudios!=null and productDefinition.wMaxDownAudios!=""'>
				T.wMaxDownAudios = #{productDefinition.wMaxDownAudios,jdbcType=INTEGER},
			</if>
			<if test='productDefinition.bDocShare!=null and productDefinition.bDocShare!=""'>
				T.bDocShare = #{productDefinition.bDocShare,jdbcType=INTEGER},
			</if>
			<if test='productDefinition.bMaxOpenDocs!=null and productDefinition.bMaxOpenDocs!=""'>
				T.bMaxOpenDocs = #{productDefinition.bMaxOpenDocs,jdbcType=INTEGER},
			</if>
			<if test='productDefinition.bMaxWBPages!=null and productDefinition.bMaxWBPages!=""'>
				T.bMaxWBPages = #{productDefinition.bMaxWBPages,jdbcType=INTEGER},
			</if>
			<if test='productDefinition.bScreenShare!=null and productDefinition.bScreenShare!=""'>
				T.bScreenShare = #{productDefinition.bScreenShare,jdbcType=INTEGER},
			</if>
			<if test='productDefinition.bDesktopShare!=null and productDefinition.bDesktopShare!=""'>
				T.bDesktopShare = #{productDefinition.bDesktopShare,jdbcType=INTEGER},
			</if>
			<if test='productDefinition.bAppShare!=null and productDefinition.bAppShare!=""'>
				T.bAppShare = #{productDefinition.bAppShare,jdbcType=INTEGER},
			</if>
			<if test='productDefinition.bRemoteControl!=null and productDefinition.bRemoteControl!=""'>
				T.bRemoteControl = #{productDefinition.bRemoteControl,jdbcType=INTEGER},
			</if>
			<if test='productDefinition.bScreenLabel!=null and productDefinition.bScreenLabel!=""'>
				T.bScreenLabel = #{productDefinition.bScreenLabel,jdbcType=INTEGER},
			</if>
			<if test='productDefinition.bMediaShare!=null and productDefinition.bMediaShare!=""'>
				T.bMediaShare = #{productDefinition.bMediaShare,jdbcType=INTEGER},
			</if>
			<if test='productDefinition.bWebShare!=null and productDefinition.bWebShare!=""'>
				T.bWebShare = #{productDefinition.bWebShare,jdbcType=INTEGER},
			</if>
			<if test='productDefinition.bChatP2P!=null and productDefinition.bChatP2P!=""'>
				T.bChatP2P = #{productDefinition.bChatP2P,jdbcType=INTEGER},
			</if>
			<if test='productDefinition.bChatP2All!=null and productDefinition.bChatP2All!=""'>
				T.bChatP2All = #{productDefinition.bChatP2All,jdbcType=INTEGER},
			</if>
			<if test='productDefinition.bClientRecord!=null and productDefinition.bClientRecord!=""'>
				T.bClientRecord = #{productDefinition.bClientRecord,jdbcType=INTEGER},
			</if>
			<if test='productDefinition.bServerRecord!=null and productDefinition.bServerRecord!=""'>
				T.bServerRecord = #{productDefinition.bServerRecord,jdbcType=INTEGER},
			</if>
			<if test='productDefinition.bPSTN!=null and productDefinition.bPSTN!=""'>
				T.bPSTN = #{productDefinition.bPSTN,jdbcType=INTEGER},
			</if>
			<if test='productDefinition.bH323GW!=null and productDefinition.bH323GW!=""'>
				T.bH323GW = #{productDefinition.bH323GW,jdbcType=INTEGER},
			</if>
			<if test='productDefinition.bTVWall!=null and productDefinition.bTVWall!=""'>
				T.bTVWall = #{productDefinition.bTVWall,jdbcType=INTEGER},
			</if>
			<if test='productDefinition.bTerminal!=null and productDefinition.bTerminal!=""'>
				T.bTerminal = #{productDefinition.bTerminal,jdbcType=INTEGER},
			</if>
			<if test='productDefinition.biOS!=null and productDefinition.biOS!=""'>
				T.biOS = #{productDefinition.biOS,jdbcType=INTEGER},
			</if>
			<if test='productDefinition.bAndroid!=null and productDefinition.bAndroid!=""'>
				T.bAndroid = #{productDefinition.bAndroid,jdbcType=INTEGER},
			</if>
			<if test='productDefinition.bMultiServer!=null and productDefinition.bMultiServer!=""'>
				T.bMultiServer = #{productDefinition.bMultiServer,jdbcType=INTEGER},
			</if>
			<if test='productDefinition.bVote!=null and productDefinition.bVote!=""'>
				T.bVote = #{productDefinition.bVote,jdbcType=INTEGER},
			</if>
			<if test='productDefinition.bFileTrans!=null and productDefinition.bFileTrans!=""'>
				T.bFileTrans = #{productDefinition.bFileTrans,jdbcType=INTEGER}, 
			</if>
			<if test='productDefinition.bFileCabinet!=null and productDefinition.bFileCabinet!=""'>
				T.bFileCabinet = #{productDefinition.bFileCabinet,jdbcType=INTEGER},
			</if>
			<if test='productDefinition.bApplause!=null and productDefinition.bApplause!=""'>
				T.bApplause = #{productDefinition.bApplause,jdbcType=INTEGER},
			</if>
			<if test='productDefinition.bRinging!=null and productDefinition.bRinging!=""'>
				T.bRinging = #{productDefinition.bRinging,jdbcType=INTEGER},
			</if>
			<if test='productDefinition.bAudioP2P!=null and productDefinition.bAudioP2P!=""'>
				T.bAudioP2P = #{productDefinition.bAudioP2P,jdbcType=INTEGER},
			</if>
			<if test='productDefinition.bFreeSpeak!=null and productDefinition.bFreeSpeak!=""'>
				T.bFreeSpeak = #{productDefinition.bFreeSpeak,jdbcType=INTEGER}, 
			</if>
			<if test='productDefinition.bAutoSpeek!=null and productDefinition.bAutoSpeek!=""'>
				T.bAutoSpeek = #{productDefinition.bAutoSpeek,jdbcType=INTEGER},
			</if>
			<if test='productDefinition.bAutoRecvSelfVideo!=null and productDefinition.bAutoRecvSelfVideo!=""'>
				T.bAutoRecvSelfVideo = #{productDefinition.bAutoRecvSelfVideo,jdbcType=INTEGER},
			</if>
			<if test='productDefinition.bAutoBroadcastSelfVideo!=null and productDefinition.bAutoBroadcastSelfVideo!=""'>
				T.bAutoBroadcastSelfVideo = #{productDefinition.bAutoBroadcastSelfVideo,jdbcType=INTEGER},
			</if>
			<if test='productDefinition.productDescription!=null and productDefinition.productDescription!=""'>
				T.productDescription = #{productDefinition.productDescription,jdbcType=VARCHAR},
			</if>
			<if test='productDefinition.ConfMode!=null and productDefinition.ConfMode!=""'>
				T.ConfMode =  #{productDefinition.ConfMode,jdbcType=INTEGER},
			</if>
			<if test='productDefinition.productStruts!=null and productDefinition.productStruts!=""'>
				T.productStruts = #{productDefinition.productStruts,jdbcType=INTEGER},
			</if>
			
			
			<if test='productDefinition.perMinutesPrice!=null and productDefinition.perMinutesPrice!=""'>
				T.perMinutesPrice = #{productDefinition.perMinutesPrice,jdbcType=INTEGER},
			</if>
			<if test='productDefinition.perDayPrice!=null and productDefinition.perDayPrice!=""'>
				T.perDayPrice = #{productDefinition.perDayPrice,jdbcType=INTEGER},
			</if>	
			<if test='productDefinition.perYearPrice!=null and productDefinition.perYearPrice!=""'>
				T.perYearPrice = #{productDefinition.perYearPrice,jdbcType=INTEGER},
			</if>
			<if test='productDefinition.perOnePrice!=null and productDefinition.perOnePrice!=""'>
				T.perOnePrice = #{productDefinition.perOnePrice,jdbcType=INTEGER},
			</if>
			T.updateDate =  NOW()
			WHERE
				T.ProductId = #{productDefinition.productId,jdbcType=INTEGER}
	
	</update>
	
	<sql id="query_meetingStatistics_where1">
		SELECT
			t.Codeno AS codeno,
			t.CompID AS compId,
			t.CompName AS compName,
			t.CompPassword AS compPassword,
			t.CompTrueName AS compTrueName,
			t.AdminID AS adminId,
			t.MaxUserCount AS maxUserCount,
			t.Lianxr AS lianxr,
			t.Lianxrtel AS lianxrtel,
			t.McuipId AS mcuIpId,
			t.MaxCurUserCount AS maxCurUserCount,
			t.DomainName AS domainName,
			t.CompStatus AS compStatus,
			t.CreateDate AS createDate,
			t.EndDate AS endDate,
			t.CodePwd AS codePwd,
			t.McuIp AS mcuIp,
			t.HeadImagePath AS headImagePath,
			t.LogImagePath AS logImagePath,
			t.ImageMakdir AS lmageMakdir,
			t.Lianxrqq AS lianxrqq,
			t.MaxEnddate AS maxEnddate,
			t.ContractEndTime AS contractEndTime,
			t.MaxConfCount AS maxConfCount,
			t.BbDate AS bbDate,
			t.FpDate AS fpDate,
			t.LrDate AS lrDate,
			t.province AS province,
			t.OldAdminid AS oldAdminId,
			t.KtDate AS ktDate,
			t.Bbadminid AS bbadminId,
			t.Ktadminid AS ktadminId,
			t.remark AS remark,
			t.IsDate AS isDate,
			t.IsAddUser AS isAddUser,
			t.IsConfLogin AS isConfLogin
			FROM
			t_compinfo t
		where 1=1
	</sql>
	
	<sql id="query_meetingStatistics_where2">
		SELECT
			compId,
			compTrueName,
			sumUser,
			sumTime,
			avgTime,
			meetNum,
			startTime,
			endTime
		FROM t_meeting_statistical
		WHERE
			1 = 1
	</sql>
	
	<sql id="query_meetingStatistics_where3">
		<if test="tCompinfo.compTrueName!=null and tCompinfo.compTrueName!=''">
				and CompTrueName like "%" #{tCompinfo.compTrueName,jdbcType=VARCHAR} "%"
		</if>
		<if test="tCompinfo.startTime!=null and tCompinfo.startTime!=''">
			 and Datetype = #{tCompinfo.startTime,jdbcType=VARCHAR}
		</if>
	</sql>
	
	<select id="getmeetingStatisticsDatasCounts" resultType="Integer">
			 select count(*) as cnt 
		FROM t_meeting_statistical where 1=1 
		<include refid="query_meetingStatistics_where3"></include>
	</select>
	
	<select id="getmeetingStatisticsDatas" resultType="com.huawang.pojo.meetingRoom.TCompinfo">
		 	<include refid="query_meetingStatistics_where2"></include>
		 	<include refid="query_meetingStatistics_where3"></include>
			limit #{i,jdbcType=INTEGER},#{rows,jdbcType=INTEGER}
	</select>
	
	
	<sql id="query_meetingDetail_where1">
		select tt.CompID,tt.ConfID as confId,t3.logConfID,t3.MaxCount as curUserCount,tt.ConfName as confName,
		StartTime as startTime,EndTime as endTime 
		from (
		select t1.CompID,t1.AdminID,t2.ConfID,t2.CurUserCount,t2.ConfName 
		from t_compinfo t1,t_confinfo t2 where t1.CompID=t2.CompID) tt,
		t_log_conf t3 where t3.ConfID=tt.ConfID 
	</sql>
	
	<sql id="query_meetingDetail_where2">
		<if test='tConfinfo.confName!=null and tConfinfo.confName!=""'>
			and tt.ConfName LIKE "%" #{tConfinfo.confName,jdbcType=VARCHAR} "%"
		</if>
		<if test='tConfinfo.curUserCount!=null and tConfinfo.curUserCount!=""'>
			<if test='tConfinfo.curUserCount=="0"'>
				and t3.MaxCount &lt;10
			</if>
			<if test='tConfinfo.curUserCount=="1"'>
				and t3.MaxCount between 10 and 50
			</if>
			<if test='tConfinfo.curUserCount=="2"'>
				and t3.MaxCount between 50 and 100
			</if>
			<if test='tConfinfo.curUserCount=="3"'>
				and t3.MaxCount &gt;100
			</if>
		</if>
		<if test="tConfinfo.startTime!=null and tConfinfo.startTime!=''">
			<if test='tConfinfo.startTime=="7"'>
				and t3.StartTime BETWEEN (select date_sub(now(), interval 1 week)) and NOW()
			</if>
			<if test='tConfinfo.startTime=="30"'>
				and t3.StartTime BETWEEN (select date_sub(now(), interval 1 month)) and NOW()
			</if>
			<if test='tConfinfo.startTime=="180"'>
				and t3.StartTime BETWEEN (select date_sub(now(), interval 2 quarter)) and NOW()
			</if>
			<if test='tConfinfo.startTime=="365"'>
				and t3.StartTime BETWEEN (select date_sub(now(), interval 1 year)) and NOW()
			</if>
		</if>
		<if test='tConfinfo.confId!=null and tConfinfo.confId!=""'>
			and tt.confId= #{tConfinfo.confId,jdbcType=INTEGER}
		</if>
	</sql>
	
	<select id="getMeetingDetailDatasCounts" resultType="Integer">
		select count(*)
		from (
		select t1.CompID,t1.AdminID,t2.ConfID,t2.CurUserCount,t2.ConfName 
		from t_compinfo t1,t_confinfo t2 where t1.CompID=t2.CompID) tt,
		 t_log_conf t3 where t3.ConfID=tt.ConfID 
			<include refid="query_meetingDetail_where2"></include>
			<if test='tConfinfo.compId!=null and tConfinfo.compId!=""'>
				and tt.CompID=#{tConfinfo.compId,jdbcType=INTEGER}
				<!-- <foreach collection="tConfinfo.strings" index="item" open="(" separator="," close=")" item="item" >
            		#{item}
        		</foreach> -->
			</if>
			 
	</select>
	
	<select id="getMeetingDetailDatas" resultType="com.huawang.pojo.meetingRoom.TConfinfo">
			<include refid="query_meetingDetail_where1"></include>
		 	<include refid="query_meetingDetail_where2"></include>
		 	<if test='tConfinfo.compId!=null and tConfinfo.compId!=""'>
		 		and tt.CompID=#{tConfinfo.compId,jdbcType=INTEGER}
				<!-- <foreach collection="tConfinfo.strings" index="item" open="(" separator="," close=")" item="item" >
            		#{item}
        		</foreach> -->
			</if>
			limit #{i,jdbcType=INTEGER},#{rows,jdbcType=INTEGER}
	</select>
	
	<sql id="query_LOGDetail_where1">
		SELECT
			t.detailId AS detailId,
			t.LogConfID AS logConfId,
			t.UserName AS userName,
			t.StartTime AS startTime,
			t.EndTime AS endTime,
			t.Times AS times,
			t.ConfID AS confId,
			t.ConfName AS confName,
			t.LoginIp AS loginIp
			FROM
			t_log_conf_detail t
		WHERE
			t.logConfID=#{logConfDetail.logConfId,jdbcType=INTEGER}
	</sql>
	
	<select id="getLOGDetailDatasCounts" resultType="Integer">
		SELECT COUNT(1) FROM t_log_conf_detail t WHERE 
		t.logConfID=#{logConfDetail.logConfId,jdbcType=INTEGER}
			<if test='logConfDetail.userName!=null and logConfDetail.userName!=""'>
				and t.UserName LIKE "%" #{logConfDetail.userName,jdbcType=VARCHAR} "%"
			</if>
	</select>
	
	<select id="getLOGDetailDatas" resultType="com.huawang.pojo.meetingRoom.TLogConfDetail">
		<include refid="query_LOGDetail_where1"></include>
		<if test='logConfDetail.userName!=null and logConfDetail.userName!=""'>
			and t.UserName LIKE "%" #{logConfDetail.userName,jdbcType=VARCHAR} "%"
		</if>
		<if test='logConfDetail.confName!=null and logConfDetail.confName!=""'>
				and t.ConfName LIKE "%" #{logConfDetail.confName,jdbcType=VARCHAR} "%"
		</if>
		<if test='logConfDetail.confId!=null and logConfDetail.confId!=""'>
			and t.ConfID = #{logConfDetail.confId,jdbcType=INTEGER}
		</if>
		limit #{i,jdbcType=INTEGER},#{rows,jdbcType=INTEGER}
	</select>
	
	<select id="getStrConfId" resultType="String">
		SELECT ConfID FROM t_confinfo  WHERE CompID = #{confId,jdbcType=INTEGER}
	</select>
	
	<sql id="query_customerInfo_where">
		select compId,compTrueName,
		(select t.AdminTrueName from t_admininfo t where t.AdminID=tt.AdminID) as adminTrueName,
		compStatus,compName,lianxr,lianxrtel from t_compinfo tt
		WHERE 1 = 1
	</sql>
	
	<select id="getCustomerInfoCount" resultType="Integer">
		<choose>
			<when test='tCompinfo.confId!=null and tCompinfo.confId!=""'>
			select count(*) from t_compinfo tt where tt.CompID 
			in(select tc.CompID from t_confinfo tc where tc.confid=#{tCompinfo.confId,jdbcType=INTEGER})
				<if test='tCompinfo.compTrueName!=null and tCompinfo.compTrueName!=""'>
				and tt.CompTrueName  LIKE "%" #{tCompinfo.compTrueName,jdbcType=VARCHAR}"%"
				</if>
				<if test='tCompinfo.compName!=null and tCompinfo.compName!=""'>
				and tt.CompName=#{tCompinfo.compName,jdbcType=VARCHAR}
				</if>
			</when>
			<otherwise>
				<choose>
					<when test='tCompinfo.compName!=null and tCompinfo.compName!=""'>
					select count(*) from t_compinfo tt
					WHERE CompID=(select CompID from t_userinfo where UserName=#{tCompinfo.compName,jdbcType=VARCHAR})
					<if test='tCompinfo.compTrueName!=null and tCompinfo.compTrueName!=""'>
					and tt.CompTrueName  LIKE "%" #{tCompinfo.compTrueName,jdbcType=VARCHAR}"%"
					</if>
					</when>
					<otherwise>
					select count(*) from t_compinfo tt
					WHERE 1 = 1 
					<if test='tCompinfo.compTrueName!=null and tCompinfo.compTrueName!=""'>
					and tt.CompTrueName  LIKE "%" #{tCompinfo.compTrueName,jdbcType=VARCHAR}"%"
					</if>
					</otherwise>
				</choose>
			</otherwise>
		</choose>
	</select>
	<select id="getCustomerInfo" resultType="com.huawang.pojo.meetingRoom.TCompinfo">
		<!-- <if test='tCompinfo.confId!=null and tCompinfo.confId!=""'>
			and t3.ConfID=#{tCompinfo.confId,jdbcType=INTEGER}
		</if> -->
		
		<choose>
			<when test='tCompinfo.confId!=null and tCompinfo.confId!=""'>
			select compId,compTrueName,(select t.AdminTrueName from t_admininfo t where t.AdminID=tt.AdminID) as adminTrueName,
			compStatus,compName,lianxr,lianxrtel from t_compinfo tt where tt.CompID 
			in(select tc.CompID from t_confinfo tc where tc.confid=#{tCompinfo.confId,jdbcType=INTEGER}) 
			limit #{i,jdbcType=INTEGER},#{rows,jdbcType=INTEGER}
			</when>
			<otherwise>
				<choose>
					<when test='tCompinfo.compName!=null and tCompinfo.compName!=""'>
					select compId,compTrueName,
					(select t.AdminTrueName from t_admininfo t where t.AdminID=tt.AdminID) as adminTrueName,
					compStatus,compName,lianxr,lianxrtel from t_compinfo tt 
					WHERE CompID=(select CompID from t_userinfo where UserName=#{tCompinfo.compName,jdbcType=VARCHAR})  
					limit #{i,jdbcType=INTEGER},#{rows,jdbcType=INTEGER}
					</when>
					<otherwise>
					select compId,compTrueName,
					(select t.AdminTrueName from t_admininfo t where t.AdminID=tt.AdminID) as adminTrueName,
					compStatus,compName,lianxr,lianxrtel from t_compinfo tt 
					WHERE 1 = 1 
					<if test='tCompinfo.compTrueName!=null and tCompinfo.compTrueName!=""'>
					and tt.CompTrueName  LIKE "%" #{tCompinfo.compTrueName,jdbcType=VARCHAR}"%" 
					</if>
					limit #{i,jdbcType=INTEGER},#{rows,jdbcType=INTEGER}
					</otherwise>
				</choose>
				<!-- <include refid="query_customerInfo_where"></include> -->
				
			</otherwise>
		</choose>
		
	</select>
	<sql id="query_customerData_where1">
		SELECT t1.CompID AS compId,
			t1.CompName AS compName,
			t1.CompTrueName AS compTrueName,
			t1.MaxConfCount AS maxConfCount,
			t1.EndDate AS endDate,
			t2.AdminName AS adminName,
			t4.ProductName AS productName,
			t5.o_status  AS status
		FROM
			t_compinfo t1
		LEFT JOIN t_admininfo t2 ON t1.AdminID = t2.AdminID
		LEFT JOIN t_compinfo_product t3 ON t1.CompID = t3.compId
		LEFT JOIN t_product_definition t4 ON t3.productId = t4.ProductId
		LEFT JOIN t_order t5 ON t4.ProductId = t5.id
		WHERE 1 = 1 
	</sql>
	<sql id="query_customerData_where2">
		<if test='tCompinfo.compTrueName!=null and tCompinfo.compTrueName!=""'>
			and t2.CompTrueName LIKE "%" #{tCompinfo.compTrueName,jdbcType=VARCHAR} "%"
		</if>
		<if test='tCompinfo.adminName!=null and tCompinfo.adminName!=""'>
			and t1.AdminName= #{tCompinfo.adminName,jdbcType=VARCHAR}
		</if>
		<if test='tCompinfo.compId!=null and tCompinfo.compId!=""'>
			and t2.CompID= #{tCompinfo.compId,jdbcType=INTEGER}
		</if>
		<if test='tCompinfo.status!=null and tCompinfo.status!=""'>
			t2.CompStatus=#{tCompinfo.compStatus,jdbcType=INTEGER}
		</if>
		
		<if test="tCompinfo.endDate!=null and tCompinfo.endDate!=''">
			<if test='tCompinfo.endDate=="7"'>
				and t3.EndDate BETWEEN (select date_sub(now(), interval 1 week)) and NOW()
			</if>
			<if test='tCompinfo.endDate=="30"'>
				and t3.EndDate BETWEEN (select date_sub(now(), interval 1 month)) and NOW()
			</if>
			<if test='tCompinfo.endDate=="180"'>
				and t3.EndDate BETWEEN (select date_sub(now(), interval 2 quarter)) and NOW()
			</if>
			<if test='tCompinfo.endDate=="365"'>
				and t3.EndDate BETWEEN (select date_sub(now(), interval 1 year)) and NOW()
			</if>
		</if>  
	</sql>
	<sql id="query_customerData_where3">
		SELECT  t2.CompID AS compId, 
			  t2.CompName AS compName,  
	   		t2.CompTrueName AS compTrueName,
	   		t2.MaxUserCount AS maxConfCount,
	   		t2.EndDate AS endDate,    
	 		  (select ProductName from t_product_definition tt where tt.ProductId = 
			(select DISTINCT productId from t_compinfo_product ttt where ttt.compId = t2.CompID)) AS productName, 
	    	t1.AdminName AS adminName,   
	 		t2.CompStatus AS status,t2.allocatAdmin AS allocatAdmin   
	 		FROM   t_compinfo t2       
		LEFT JOIN t_admininfo t1 ON  t2.AdminID = t1.AdminID
		WHERE 1 = 1 
		<include refid="query_customerData_where2"></include>
		GROUP BY t2.CompID     
	</sql>
	<select id="getCustomerDataCounts" resultType="Integer">
		 
		 SELECT  count(*)  
	 		FROM   t_compinfo t2       
		LEFT JOIN t_admininfo t1 ON  t2.AdminID = t1.AdminID
		WHERE 1 = 1 
		
			<include refid="query_customerData_where2"></include>
	</select>
	<select id="getCustomerDatas" resultType="com.huawang.pojo.meetingRoom.TCompinfo">
		 	<include refid="query_customerData_where3"></include>
		ORDER BY
			t2.CreateDate DESC	 
				 limit #{i,jdbcType=INTEGER},#{rows,jdbcType=VARCHAR} 
	</select>
	<select id="getAdminName" resultType="com.huawang.pojo.meetingRoom.TCompinfo">
		SELECT
			 AdminName AS adminName,
			 AdminID AS adminId,
			 AdminTrueName AS adminTrueName
		 FROM  t_admininfo  where 1=1
	</select>
	<update id="updateCompManager">
			UPDATE t_compinfo 
				SET 
			AdminID = #{tCompinfo.adminId,jdbcType=INTEGER},
			allocatAdmin = 1
			where CompID= #{tCompinfo.compId,jdbcType=INTEGER};
			update t_order t set t.o_AdminID=#{tCompinfo.adminId,jdbcType=INTEGER}  
			where t.o_CompID=#{tCompinfo.compId,jdbcType=INTEGER};
	</update>
	
	
	<select id="getCsServerInfo" resultType="com.huawang.pojo.operation.TServerinfo">
		SELECT
			t.ServerID AS serverId,
			t.ServerName AS serverName,
			t.ServerIP AS serverIp
			FROM
				t_serverinfo t where 1=1
			AND ((
					t.ServerType = '0' AND t.IsPad = '0'
				)
				OR (
					t.ServerType = '1' AND t.IsPad = '0'
			))
	</select>
	<sql id="insert_data_compinfo">
		INSERT INTO t_compinfo( 
						CompName,
						CompPassword,
						CompTrueName,
						Lianxr,
						Lianxrtel,
						belongAgent,
						compStyle,
						MaxCurUserCount,
						IsDate,
						IsAddUser,
						IsConfLogin,
						CreateDate,
						AdminID,allocatAdmin,defualtServer,CompStatus,createuser,MaxConfCount,MaxUserCount,McuipId)
				VALUES( 
						#{tCompinfo.compName,jdbcType=VARCHAR},
						#{tCompinfo.compPassword,jdbcType=VARCHAR},
						#{tCompinfo.compTrueName,jdbcType=VARCHAR},
						#{tCompinfo.lianxr,jdbcType=VARCHAR},
						#{tCompinfo.lianxrtel,jdbcType=VARCHAR},
						#{tCompinfo.belongAgent,jdbcType=VARCHAR},
						#{tCompinfo.compStyle,jdbcType=INTEGER},
						999,1,1,1,now(),
						#{tCompinfo.adminId,jdbcType=INTEGER},
						#{tCompinfo.allocatAdmin,jdbcType=VARCHAR},
						#{tCompinfo.serverName,jdbcType=VARCHAR},8,#{tCompinfo.createuser,jdbcType=VARCHAR},999,null,#{tCompinfo.serverName,jdbcType=VARCHAR}
						); 
						
	</sql>
	<insert id="addCustomerAccount" parameterType="com.huawang.pojo.meetingRoom.TCompinfo">
		<include refid="insert_data_compinfo"></include>
	</insert>
	<select id="selectGetKey" resultType="com.huawang.pojo.meetingRoom.TCompinfo">
			select compId,compStyle from t_compinfo where 
				CompName =#{tCompinfo.compName,jdbcType=VARCHAR} and CompPassword= #{tCompinfo.compPassword,jdbcType=VARCHAR}
	</select>
	 
	<insert id="addUserInfo" parameterType="com.huawang.pojo.meetingRoom.TCompinfo">
		INSERT INTO t_userinfo (AdminID,
								CompID,
								UserName,
								UserPassword,
								DisplayName,Telephone,IsSuper,createtime)
					VALUES(
						#{tCompinfo.adminId,jdbcType=INTEGER},
						#{compId,jdbcType=INTEGER},
						#{tCompinfo.compName,jdbcType=VARCHAR},
						#{tCompinfo.compPassword,jdbcType=VARCHAR},
						#{tCompinfo.lianxr,jdbcType=VARCHAR},
						#{tCompinfo.lianxrtel,jdbcType=VARCHAR},
						'1',now());
	</insert>
	<select id="selectByName" resultType="Integer">
		select count(1) from t_compinfo where CompTrueName = #{tCompinfo.compTrueName,jdbcType=VARCHAR}
		<if test='tCompinfo.compId!=null || tCompinfo.compId!=""'>
			 and CompID &lt;&gt; #{tCompinfo.compId,jdbcType=INTEGER}
		</if>
	</select>
	<select id="selectByName1" resultType="Integer">
		select count(1) from t_compinfo where CompName = #{tCompinfo.compName,jdbcType=VARCHAR}
	</select>
	 
	
	<select id="selectEditCustomer" resultType="com.huawang.pojo.meetingRoom.TCompinfo">
		select t.CompID,t.CompTrueName as compTrueName,t.belongAgent,t.adminID as adminId,
		(select adminTrueName from t_admininfo where t_admininfo.adminid=t.AdminID) as adminTrueName,
		t.defualtServer as serverName,
		t.Lianxr,t.Lianxrtel,t.CompName,t.CompPassword from t_compinfo t 
		where 1=1 
		<if test='tCompinfo.compId!=null ||tCompinfo.compId!=""'>
			and t.CompID =#{tCompinfo.compId,jdbcType=INTEGER}
		</if>
		
	</select>
	<update id="saveCustomerInfo">
			update  t_compinfo t1  
			set 
			<!-- <if test='tCompinfo.compTrueName!=null||tCompinfo.compTrueName!=""'> -->
				t1.CompTrueName =#{tCompinfo.compTrueName},
			<!-- </if> -->
			<!-- <if test='tCompinfo.belongAgent!=null||tCompinfo.belongAgent!=""'> -->
				t1.belongAgent =#{tCompinfo.belongAgent},
			<!-- </if> -->
			<!-- <if test='tCompinfo.lianxr!=null||tCompinfo.lianxr!=""'> -->
				t1.Lianxr =#{tCompinfo.lianxr},
			<!-- </if> -->
			<!-- <if test='tCompinfo.lianxrtel!=null||tCompinfo.lianxrtel!=""'> -->
				t1.Lianxrtel =#{tCompinfo.lianxrtel},
			<!-- </if> -->
			<!-- <if test='tCompinfo.compName!=null||tCompinfo.compName!=""'> -->
				 t1.CompName =#{tCompinfo.compName},
			<!-- </if> -->
			<!-- <if test='tCompinfo.serverName!=null||tCompinfo.serverName!=""'> -->
				t1.defualtServer=#{tCompinfo.serverName},
				t1.McuipId = #{tCompinfo.serverName} 
			<!-- </if> -->
			where t1.CompID =#{tCompinfo.compId,jdbcType=INTEGER};
			
			<!-- <if test='tCompinfo.compTrueName!=null||tCompinfo.compTrueName!=""'> -->
			update t_order t set t.o_CompName=#{tCompinfo.compTrueName}
			where t.o_CompID = #{tCompinfo.compId,jdbcType=INTEGER};
			
			update t_confinfo t set t.ServerId=#{tCompinfo.serverName} 
			where t.CompID=#{tCompinfo.compId,jdbcType=INTEGER};
			
			<!-- </if> -->
	</update>



</mapper>





















