<?xml version="1.0" encoding="UTF-8"?>
<ExecTask>
<!--
Type :
	TIME 循环标志
	CYCLE 定时标志
Interval：
	Type为TIME时生效
startTime：
	Type为CYCLE时生效,启动时间
SingleProcessTask：
	true单进程
IsNeedWatch：
	TRUE启动守护线程
-->
    <Task TaskNo="DESTaskDriver" TaskName="Des解析任务驱动" Type="TIME" Interval="600000" 
    startTime="" Class="com.amarsoft.DESTask.DataUnit" 
    SingleProcessTask="true"
    IsNeedWatch="true"
    >
        <script>com.amarsoft.DataUnit</script>
        <Attribute name="DataFilePath" desc="数据库连接文件">../sys-config-int/DataBase.xml</Attribute>
        <Attribute name="ConnectionLoan" desc="信贷数据库连接名称">Loan</Attribute>
        <Attribute name="ConnectionDes" desc="DES数据库连接名称">Des</Attribute>
        <Attribute name="TaskType" desc="调度任务类型">Des2009</Attribute>
        <!-- 守护进程配置,如果满足守护条件，则退出-->
        <Watch Class="com.amarsoft.TheadWatch.ThreadWatchFile" Interval="10000">
            <!--守护进程,文件守护机制中,必须有此参数，否则将按照 @TaskNo#.lck.txt设置守护机制 -->
          	<Attribute name="WatchFile">DESTaskDriver.lck.txt</Attribute>
        </Watch>
    </Task>




    <Task TaskNo="XBLoan" TaskName="小消任务驱动" Type="TIME" Interval="600000" Class="com.amarsoft.XBLoan.XBLoan"
	IsNeedWatch="true" SingleProcessTask="true"
	>
        <script>com.amarsoft.XBLoan.XBLoan</script>
	<!-- 守护进程配置,如果满足守护条件，则退出-->
        <Watch Class="com.amarsoft.TheadWatch.ThreadWatchFile" Interval="10000">
            <!--守护进程,文件守护机制中,必须有此参数，否则将按照 @TaskNo#.lck.txt设置守护机制 -->
          	<Attribute name="WatchFile">XBLoanDriver.lck.txt</Attribute>
        </Watch>
    </Task>
    
    <Task TaskNo="HoldTask" TaskName="抓取影像录入任务" Type="TIME" Interval="300000" 
	    startTime=""  Class="com.amarsoft.Image.HoldTask" 
	    SingleProcessTask="true"
	    IsNeedWatch="true">
        <script>HoldTask</script>
        <Attribute name="commitCountYJNew" desc="一次更新数量(新违约数据)">1000</Attribute>
         <Watch Class="com.amarsoft.TheadWatch.ThreadWatchFile" Interval="10000">
            <!--守护进程,文件守护机制中,必须有此参数，否则将按照 @TaskNo#.lck.txt设置守护机制 -->
          	<Attribute name="WatchFile">HoldTask.lck.txt</Attribute>
        </Watch>
    </Task>


 <Task TaskNo="PreDriver" TaskName="流程预约重起任务" Type="TIME" Interval="120000" 
	    startTime=""  Class="com.amarsoft.rcpm.PreDriver" 
	    SingleProcessTask="true"
	    IsNeedWatch="true">
        <script>PreDriver</script>
         <Watch Class="com.amarsoft.TheadWatch.ThreadWatchFile" Interval="10000">
            <!--守护进程,文件守护机制中,必须有此参数，否则将按照 @TaskNo#.lck.txt设置守护机制 -->
          	<Attribute name="WatchFile">PreDriver.lck.txt</Attribute>
        </Watch>
    </Task>


    <Task TaskNo="ImageDriver" TaskName="补件任务驱动" Type="TIME" Interval="120000" 
	    startTime=""  Class="com.amarsoft.Image.ImageDriver" 
	    SingleProcessTask="true"
	    IsNeedWatch="true">
        <script>ImageDriver</script>
         <Watch Class="com.amarsoft.TheadWatch.ThreadWatchFile" Interval="10000">
            <!--守护进程,文件守护机制中,必须有此参数，否则将按照 @TaskNo#.lck.txt设置守护机制 -->
          	<Attribute name="WatchFile">ImageDriver.lck.txt</Attribute>
        </Watch>
    </Task>
    
	<Task TaskNo="OPDriver" TaskName="运营监控项目" Type="TIME" Interval="1800000" 
	    startTime=""  Class="com.amarsoft.opdriver.OPDriver" 
	    SingleProcessTask="true"
	    IsNeedWatch="true">
        <script>ImageDriver</script>
         <Watch Class="com.amarsoft.TheadWatch.ThreadWatchFile" Interval="10000">
            <!--守护进程,文件守护机制中,必须有此参数，否则将按照 @TaskNo#.lck.txt设置守护机制 -->
          	<Attribute name="WatchFile">OPDriver.lck.txt</Attribute>
        </Watch>
    </Task>

	<Task TaskNo="BatchTask" TaskName="零售信贷日终批量" Type="TIME" Interval="120000" 
	    startTime="" Class="com.amarsoft.app.datax.gci.BatchTaskUnit" 
	    SingleProcessTask="true"
	    IsNeedWatch="true"
	    >
        <script></script>
        <!-- 守护进程配置,如果满足守护条件，则退出-->
        <Watch Class="com.amarsoft.TheadWatch.ThreadWatchFile" Interval="10000">
            <!--守护进程,文件守护机制中,必须有此参数，否则将按照 @TaskNo#.lck.txt设置守护机制 -->
          	<Attribute name="WatchFile">BatchTask.lck.txt</Attribute>
        </Watch>
    </Task>

</ExecTask>
