<?xml version="1.0" encoding="UTF-8"?>
<beans xmlns="http://www.springframework.org/schema/beans"
	xmlns:mvc="http://www.springframework.org/schema/mvc"
	xmlns:aop="http://www.springframework.org/schema/aop"
	xmlns:xsi="http://www.w3.org/2001/XMLSchema-instance"
	xmlns:p="http://www.springframework.org/schema/p"
	xmlns:context="http://www.springframework.org/schema/context"
	xsi:schemaLocation="http://www.springframework.org/schema/beans   
        http://www.springframework.org/schema/beans/spring-beans-4.1.xsd   
        http://www.springframework.org/schema/context   
        http://www.springframework.org/schema/context/spring-context-4.1.xsd   
        http://www.springframework.org/schema/mvc   
        http://www.springframework.org/schema/mvc/spring-mvc-4.1.xsd
        http://www.springframework.org/schema/aop 
		http://www.springframework.org/schema/aop/spring-aop-3.0.xsd ">
     
    <!--注解声明，将springmvc交给spring管理-->
    <mvc:annotation-driven></mvc:annotation-driven> 
    <!--包扫描,交给spring创建对象-->
  	<context:component-scan base-package="com.huawang.controller" />
  	
	<!-- 拦截器 -->
	<mvc:interceptors>
		<mvc:interceptor>
			<!-- 拦截全部地址 -->
			<mvc:mapping path="/*.do" />
			<mvc:mapping path="/*/*.do" /> 
			<mvc:exclude-mapping path="/loginhw/checkUserLogin.do"/>
			<mvc:exclude-mapping path="/loginhw/userLogin.do"/>
			<mvc:exclude-mapping path="/loginhw/userLoginOut.do"/>
			<mvc:exclude-mapping path="/TimeOrder/AddSignTimeOrderApp.do"/>
			<mvc:exclude-mapping path="/Order/AddSignOrderApp.do"/>
			<mvc:exclude-mapping path="/Device/BindDevice.do"/>
			<!-- 登录拦截类 -->
			<bean id="loginInterceptor"
				class="com.huawang.interceptor.LoginInterceptor">
			</bean>

		</mvc:interceptor>
	</mvc:interceptors>
    <!-- 内容协商管理器  -->
    <!--1、首先检查路径扩展名（如my.pdf）；2、其次检查Parameter（如my?format=pdf）；3、检查Accept Header-->
    <bean id="contentNegotiationManager" class="org.springframework.web.accept.ContentNegotiationManagerFactoryBean">
        <!-- 扩展名至mimeType的映射,即 /user.json => application/json -->
        <property name="favorPathExtension" value="true"/>
        <!-- 用于开启 /userinfo/123?format=json 的支持 -->
        <property name="favorParameter" value="true"/>
        <property name="parameterName" value="format"/>
        <!-- 是否忽略Accept Header -->
        <property name="ignoreAcceptHeader" value="false"/>
        <property name="mediaTypes"> <!--扩展名到MIME的映射；favorPathExtension, favorParameter是true时起作用  -->
            <value>
                json=application/json
                xml=application/xml
                html=text/html
            </value>
        </property>
        <!-- 默认的content type -->
        <property name="defaultContentType" value="text/html"/>
    </bean>
    <!-- 当在web.xml 中   DispatcherServlet使用 <url-pattern>/</url-pattern> 映射时，能映射静态资源 -->
    <mvc:default-servlet-handler />  

   <!-- 对模型视图添加前后缀 -->
   <!-- 视图解析器解析jsp解析，默认使用jstl标签，classpath下的得有jstl的包-->
	<!-- 对模型视图名称的解析，即在模型视图名称添加前后缀 -->
	<bean class="org.springframework.web.servlet.view.InternalResourceViewResolver">
		<property name="viewClass"
			value="org.springframework.web.servlet.view.JstlView" />
		<property name="prefix" value="/WEB-INF/views/" />
		<property name="suffix" value=".jsp" />
	</bean>
	<!-- 静态资源映射 -->
	<mvc:default-servlet-handler />
	<mvc:resources location="/WEB-INF/static/" mapping="/static/**"/>
	<mvc:resources location="/WEB-INF/views/"  mapping="/views/**" />
	
	<!-- 配置多文件上传 -->
	<bean id="multipartResolver"
		class="org.springframework.web.multipart.commons.CommonsMultipartResolver">
		<property name="defaultEncoding">
			<value>UTF-8</value>
		</property>
		<property name="maxUploadSize">
			<!-- 上传文件大小限制为31M，31*1024*1024 -->
			<value>32505856</value>
		</property>
		<property name="maxInMemorySize">
			<value>4096</value>
		</property>
	</bean>
	<aop:aspectj-autoproxy proxy-target-class="true"/>
	<bean class="com.huawang.util.HWHandlerExceptionResolver"></bean>
	<bean class="com.huawang.util.AspectCommon"></bean>
	<bean class="com.huawang.util.HWApplicationContextUtil"></bean>
	

</beans>


