<?xml version="1.0" encoding="UTF-8"?>
<beans xmlns="http://www.springframework.org/schema/beans"
	xmlns:xsi="http://www.w3.org/2001/XMLSchema-instance" xmlns:tx="http://www.springframework.org/schema/tx"
	xmlns:aop="http://www.springframework.org/schema/aop" xmlns:context="http://www.springframework.org/schema/context"
	xsi:schemaLocation="  
        http://www.springframework.org/schema/beans   
        http://www.springframework.org/schema/beans/spring-beans-4.1.xsd   
        http://www.springframework.org/schema/tx   
        http://www.springframework.org/schema/tx/spring-tx-4.1.xsd  
        http://www.springframework.org/schema/aop   
        http://www.springframework.org/schema/aop/spring-aop-4.1.xsd   
        ">
 
    <!-- 引入配置文件 -->  
    <bean id="propertyConfigurer"  
        class="org.springframework.beans.factory.config.PropertyPlaceholderConfigurer">  
        <property name="location" value="classpath:config.properties" />  
    </bean>  
  
     <!-- 配置数据源 使用的是Druid数据源 -->
	<bean name="dataSource" id="dataSource" class="com.alibaba.druid.pool.DruidDataSource"
		init-method="init" destroy-method="close">
		<property name="url" value="${jdbc.url}" />
		<property name="username" value="${jdbc.username}" />
		<property name="password" value="${jdbc.password}" />

		<!-- 初始化连接大小 -->
		<property name="initialSize" value="0" />
		<!-- 连接池最大使用连接数量 -->
		<property name="maxActive" value="15" />

		<!-- 连接池最小空闲 -->
		<property name="minIdle" value="0" />
		<!-- 获取连接最大等待时间 -->
		<property name="maxWait" value="60000" />
		<property name="poolPreparedStatements" value="true" />
		<property name="maxPoolPreparedStatementPerConnectionSize"
			value="33" />
		<!-- 用来检测有效sql -->
		<property name="validationQuery" value="${validationQuery}" />
		<property name="testOnBorrow" value="false" />
		<property name="testOnReturn" value="false" />
		<property name="testWhileIdle" value="true" />
		<!-- 配置间隔多久才进行一次检测，检测需要关闭的空闲连接，单位是毫秒 -->
		<property name="timeBetweenEvictionRunsMillis" value="60000" />
		<!-- 配置一个连接在池中最小生存的时间，单位是毫秒 -->
		<property name="minEvictableIdleTimeMillis" value="25200000" />
		<!-- 打开removeAbandoned功能 -->
		<property name="removeAbandoned" value="true" />
		<!-- 1800秒，也就是30分钟 -->
		<property name="removeAbandonedTimeout" value="1800" />
		<!-- 关闭abanded连接时输出错误日志 -->
		<property name="logAbandoned" value="true" />
		<!-- 监控数据库 -->
		<property name="filters" value="mergeStat" />
	</bean>
  
    <!-- spring和MyBatis完美整合，不需要mybatis的配置映射文件 -->  
    <bean id="sqlSessionFactory" class="org.mybatis.spring.SqlSessionFactoryBean">  
        <property name="dataSource" ref="dataSource" />  
        <!-- 自动扫描mapping.xml文件 -->  
        <property name="mapperLocations" value="classpath:com/huawang/mapping/*/*.xml"></property>  
    </bean>  
  
    <!-- DAO接口所在包名，Spring会自动查找其下的类 -->  
    <bean class="org.mybatis.spring.mapper.MapperScannerConfigurer">  
        <property name="basePackage" value="com.huawang.dao.*" />  
        <property name="sqlSessionFactoryBeanName" value="sqlSessionFactory"></property>  
    </bean>  
  
    <!-- (事务管理)transaction manager, use JtaTransactionManager for global tx -->  
    <bean id="transactionManager"  
        class="org.springframework.jdbc.datasource.DataSourceTransactionManager">  
        <property name="dataSource" ref="dataSource" />  
    </bean>  
  
     <!--======= 事务配置 End =================== -->
    <!-- 配置基于注解的声明式事务 -->
    <!-- enables scanning for @Transactional annotations -->
    <tx:annotation-driven transaction-manager="transactionManager" />
    <!-- 拦截器方式配置事物 -->
	<tx:advice id="transactionAdvice" transaction-manager="transactionManager">
		<tx:attributes>
			<tx:method name="insert*" propagation="REQUIRED" />
			<tx:method name="update*" propagation="REQUIRED" />
			<tx:method name="delete*" propagation="REQUIRED" />

			<tx:method name="get*" propagation="SUPPORTS" read-only="true" />
			<tx:method name="find*" propagation="SUPPORTS" read-only="true" />
			<tx:method name="select*" propagation="SUPPORTS" read-only="true" />

		</tx:attributes>
	</tx:advice>
	<!-- Spring aop事务管理 -->
	<aop:config>
		<aop:pointcut id="transactionPointcut"
			expression="execution(* com.huawang.service..*Service.*(..))" />
		<aop:advisor pointcut-ref="transactionPointcut"
			advice-ref="transactionAdvice" />
	</aop:config>
    
</beans>  












 