<?xml version="1.0" encoding="UTF-8"?>
<!DOCTYPE mapper PUBLIC "-//mybatis.org//DTD Mapper 3.0//EN" "http://mybatis.org/dtd/mybatis-3-mapper.dtd" >
<mapper namespace="com.huawang.dao.organization.OrganizationDao">

    <select id="dropTempUserTable" parameterType="map" statementType="CALLABLE">
    {
        call proc_drop_table_userInfo(
            #{map.tableName,mode=IN,jdbcType=VARCHAR},
            #{map.dbName,mode=IN,jdbcType=VARCHAR},
            #{map.result,mode=OUT,jdbcType=INTEGER}
        )
    }
    </select>
    
     <select id="createTempUserTable" parameterType="map" statementType="CALLABLE">
    {
        call proc_create_table_userInfo(
            #{map.tableName,mode=IN,jdbcType=VARCHAR},
            #{map.dbName,mode=IN,jdbcType=VARCHAR},
            #{map.result,mode=OUT,jdbcType=INTEGER}
        )
    }
    </select>
    
    
    
     <select id="createTempConfusersTable" parameterType="map" statementType="CALLABLE">
    {
        call proc_create_table_confusers(
            #{map.tableName,mode=IN,jdbcType=VARCHAR},
            #{map.dbName,mode=IN,jdbcType=VARCHAR},
            #{map.result,mode=OUT,jdbcType=INTEGER}
        )
    }
    </select>
    
    
	<select id="errorUserImportExcel" resultMap="orderResultMap" statementType="CALLABLE">
      {  
        CALL proc_select_userInfo_list(
      		#{map.tablName,mode=IN,jdbcType=VARCHAR}
		
      	)
      }
 	</select>
 	
 	<select id="errorConfusersImportExcel" resultMap="confusersResultMap" statementType="CALLABLE">
      {  
        CALL proc_select_confusers_list(
      		#{map.tablName,mode=IN,jdbcType=VARCHAR}
      	)
      }
 	</select>
 	
 	 <resultMap type="java.util.Map" id="confusersResultMap">
        <!-- 定义普通属性 -->
        <result property="ConfID" column="ConfID" />
		<result property="UserID" column="UserID" />
		<result property="UserName" column="UserName" />
		<result property="UserRight" column="UserRight" />
		<result property="UserPos" column="UserPos" />
		<result property="CsipId" column="CsipId" />
		<result property="MsipId" column="MsipId" />
		<result property="Remark" column="Description" />
    </resultMap>
    
 
    <resultMap type="java.util.Map" id="orderResultMap">
        <!-- 定义普通属性 -->
        <result property="tablName" column="tablName" />
		<result property="UserName" column="UserName" />
		<result property="DisplayName" column="DisplayName" />
		<result property="UserPassword" column="UserPassword" />
		<result property="UserSex" column="UserSex" />
		<result property="DpId" column="DpId" />
		<result property="Post" column="Post" />
		<result property="State" column="State" />
		<result property="IsSuper" column="IsSuper" />
		<result property="Telephone" column="Telephone" />
		<result property="Email" column="Email" />
		<result property="CompID" column="CompID" />
		<result property="createtime" column="createtime" />
		<result property="endtime" column="endtime" />
		<result property="Remark" column="Description" />
    </resultMap>

    
 
<!--     <parameterMap id="pm" type="java.util.Map">
        <parameter property="tablName" jdbcType="VARCHAR" mode="IN"></parameter>
        <parameter property="UserName" jdbcType="VARCHAR" mode="OUT"></parameter>
        <parameter property="DisplayName" jdbcType="VARCHAR" mode="OUT"></parameter>
        <parameter property="UserPassword" jdbcType="VARCHAR" mode="OUT"></parameter>
        <parameter property="UserSex" jdbcType="VARCHAR" mode="OUT"></parameter>
        <parameter property="DpId" jdbcType="VARCHAR" mode="OUT"></parameter>
        <parameter property="Post" jdbcType="VARCHAR" mode="OUT"></parameter>
        <parameter property="State" jdbcType="VARCHAR" mode="OUT"></parameter>
        <parameter property="IsSuper" jdbcType="VARCHAR" mode="OUT"></parameter>
        <parameter property="Telephone" jdbcType="VARCHAR" mode="OUT"></parameter>
        <parameter property="Email" jdbcType="VARCHAR" mode="OUT"></parameter>
        <parameter property="CompID" jdbcType="VARCHAR" mode="OUT"></parameter>
        <parameter property="createtime" jdbcType="VARCHAR" mode="OUT"></parameter>
        <parameter property="endtime" jdbcType="VARCHAR" mode="OUT"></parameter>
</parameterMap>
 -->
    
    
</mapper>





















