<?xml version="1.0" encoding="UTF-8"?>
<!DOCTYPE mapper PUBLIC "-//mybatis.org//DTD Mapper 3.0//EN" "http://mybatis.org/dtd/mybatis-3-mapper.dtd" >
<mapper namespace="com.huawang.dao.organization.OrganizationDao">

	<select id="getByPidTree"
		resultType="com.huawang.pojo.organization.TDepartment"
		parameterType="com.huawang.pojo.organization.TDepartment">
		SELECT
			t.Codeno AS codeNo,
			t.DpId AS id,
			t.DpName AS name,
			t.Description AS description,
			t.ParentDpId AS parentDpId,
			t.AdminId AS adminId,
			t.OrderValue AS orderValue,
			t.compId AS compId
		FROM
			t_admin_group t
		<where>
		    t.ParentDpId = #{id}
		</where>
	</select>
	
	<select id="getProductDataCounts" resultType="Integer">
		SELECT
			COUNT(1)
		FROM
			t_admin_group t1
		INNER JOIN t_admin_group t2 ON t1.DpId = t2.ParentDpId
		<where>
		    1=1
		</where>
		ORDER BY
			t1.DpId	
	</select>

	<select id="getDepartmentDatas"
		resultType="com.huawang.pojo.organization.TDepartment"
		parameterType="com.huawang.pojo.organization.TDepartment">
			SELECT
				t1.DpId AS dpId01,
				t2.DpId AS dpId02,
				t2.DpName AS dpName01,
				t1.DpName AS dpName02,
				CASE
			WHEN t1.Description = '' THEN
				t2.Description
			WHEN t2.Description ='' THEN
				t1.Description
			END AS description
			FROM
				t_admin_group t1
			INNER  JOIN t_admin_group t2 ON t1.DpId = t2.ParentDpId
		<where>
		    1=1 
		    <if test='id!="1"'>
		    	and t2.ParentDpId = #{id,jdbcType=INTEGER}
		    </if>
		   
		</where>
		ORDER BY
				t1.DpId
	</select>
	
	<insert id="addOrganization">
		INSERT INTO t_admin_group (
			Codeno,
			DpName,
			Description,
			ParentDpId,
			AdminId,
			createBy,
			createDate
		)VALUES(
			#{department.parentDpId,jdbcType=VARCHAR},
			#{department.dpName01,jdbcType=VARCHAR},
			#{department.description,jdbcType=VARCHAR},
			#{department.parentDpId,jdbcType=INTEGER},
			4,
			#{department.createBy,jdbcType=VARCHAR},
			now()
		)		
	</insert>
	
	<delete id="delOrganization">
		DELETE FROM t_admin_group  WHERE DpId in
		<foreach collection="department.list" index="item" open="(" separator="," close=")" item="item" >
            #{item}
        </foreach> 
	</delete>
	
	<update id="editOrganization">
		UPDATE t_admin_group T
			SET T.updateDate =  NOW()
			<if test='department.updateBy!=null and department.updateBy!=""'>
				,T.updateBy = #{department.updateBy,jdbcType=VARCHAR}
			</if>
			<if test='department.dpName01!=null and department.dpName01!=""'>
				,T.DpName = #{department.dpName01,jdbcType=VARCHAR}
			</if>
			<if test='department.description!=null and department.description!=""'>
				,T.Description = #{department.description,jdbcType=VARCHAR}
			</if>
			
			WHERE
				T.DpId = #{department.dpId02,jdbcType=VARCHAR}
	</update>
	
	<sql id="query_data_where1">
		SELECT
			t1.AdminID AS adminId,
			t1.AdminName AS adminName,
			t1.adminPassword AS adminPassword,
			t1.AdminTrueName AS adminTrueName,
			t1.contact AS contact,
			t1.email AS email,
			t3.DpName AS dpName
		FROM
			t_admininfo t1
	</sql>
	<sql id="query_data_where2">
		LEFT JOIN t_admin_department t2 ON t1.AdminID = t2.AdminId
		LEFT JOIN t_admin_group t3 ON t2.DpId = t3.DpId	
		WHERE 1=1	
	</sql>
	
	<sql id="query_data_where3">
		<if test='admininfo.dpId!=null and admininfo.dpId!=""'>
			AND t3.DpId=#{admininfo.dpId,jdbcType=VARCHAR}
		</if>
		<if test='admininfo.adminName!=null and admininfo.adminName!=""'>
			AND t1.AdminName LIKE "%" #{admininfo.adminName,jdbcType=VARCHAR} "%" 
		</if>
		<if test='admininfo.adminTrueName!=null and admininfo.adminTrueName!=""'>
			AND t1.AdminTrueName LIKE "%" #{admininfo.adminTrueName,jdbcType=VARCHAR} "%" 
		</if>
		<if test='admininfo.contact!=null and admininfo.contact!=""'>
			AND t1.contact = #{admininfo.contact,jdbcType=VARCHAR}
		</if>
	</sql>
	
	<select id="getDpAndUserDatas" 
		resultType="com.huawang.pojo.meetingRoom.TAdmininfo"
		parameterType="com.huawang.pojo.meetingRoom.TAdmininfo">
		<include refid="query_data_where1"></include>
		<include refid="query_data_where2"></include>
		<include refid="query_data_where3"></include>
	</select>
	<select id="getDpAndUserDataCounts" resultType="Integer">
		SELECT COUNT(1) FROM t_admininfo t1
		<include refid="query_data_where2"></include>
		<include refid="query_data_where3"></include>
	</select>
	
	<insert id="addUser">
		INSERT INTO t_admininfo (
			Codeno,
			AdminName,
			AdminPassword,
			AdminTrueName,
			email,
			contact,
			createBy,
			createDate
		)VALUES(
			#{admininfo.dpId,jdbcType=VARCHAR},
			#{admininfo.adminName,jdbcType=VARCHAR},
			#{admininfo.adminPassword,jdbcType=VARCHAR},
			#{admininfo.adminTrueName,jdbcType=VARCHAR},
			#{admininfo.email,jdbcType=VARCHAR},
			#{admininfo.contact,jdbcType=VARCHAR},
			#{admininfo.createBy,jdbcType=VARCHAR},
			now()
		);
		
		INSERT INTO t_admin_department (AdminId, DpId) SELECT
			AdminID,
			#{admininfo.dpId,jdbcType=VARCHAR}
		FROM
			t_admininfo
		WHERE
			AdminName = #{admininfo.adminName,jdbcType=VARCHAR}
	</insert>
	
	
	<!-- <select id="getAdminId" resultType="String">
		SELECT AdminID FROM `t_admininfo` WHERE AdminName = #{adminName,jdbcType=VARCHAR}
	</select>
	<insert id="addUser_1">
		
	</insert> -->
	
	<update id="editUser">
		UPDATE t_admininfo T
			SET T.updateDate =  NOW()
			<if test='admininfo.adminName!=null and admininfo.adminName!=""'>
				,T.AdminName = #{admininfo.adminName,jdbcType=VARCHAR}
			</if>
			<if test='admininfo.adminPassword!=null and admininfo.adminPassword!=""'>
				,T.AdminPassword = #{admininfo.adminPassword,jdbcType=VARCHAR}
			</if>
			<if test='admininfo.adminTrueName!=null and admininfo.adminTrueName!=""'>
				,T.AdminTrueName = #{admininfo.adminTrueName,jdbcType=VARCHAR}
			</if>
			<if test='admininfo.email!=null and admininfo.email!=""'>
				,T.email = #{admininfo.email,jdbcType=VARCHAR}
			</if>
			<if test='admininfo.contact!=null and admininfo.contact!=""'>
				,T.contact = #{admininfo.contact,jdbcType=VARCHAR}
			</if>
			WHERE
				T.AdminID = #{admininfo.adminId,jdbcType=VARCHAR}
	</update>
	
	<delete id="delUser" parameterType="java.lang.Integer">
		DELETE FROM t_admininfo  WHERE AdminID in
		<foreach collection="admininfo.list" index="item" open="(" separator="," close=")" item="item" >
            #{item}
        </foreach> ;
        
        DELETE FROM t_admin_department  WHERE AdminId in
		<foreach collection="admininfo.list" index="item" open="(" separator="," close=")" item="item" >
            #{item}
        </foreach> ;
	</delete>
	
</mapper>