<?xml version="1.0" encoding="UTF-8" ?>  
<!DOCTYPE mapper PUBLIC "-//mybatis.org//DTD Mapper 3.0//EN" "http://mybatis.org/dtd/mybatis-3-mapper.dtd" >

<mapper namespace="com.huawang.dao.system.AccessWareHouseDao">

<!-- 查询下拉表类型 -->
<select id="getSelectType" resultType="com.huawang.pojo.system.AccessWareHouse">
select distinct type from wh_warehouse_inbound_outbound
</select>

<!-- 查询下拉表状态 -->
<select id="getSelectStatus" resultType="com.huawang.pojo.system.AccessWareHouse">
select distinct status from wh_warehouse_inbound_outbound
</select>

<!-- 查询整个出入单表信息 -->
<select id="getAccessWareHouseInfo" resultType="com.huawang.pojo.system.AccessWareHouse">
select * from wh_warehouse_inbound_outbound
</select>

<!-- 按筛选条件查询 -->
<select id="getInfoBySelect" resultType="com.huawang.pojo.system.AccessWareHouse">
select * from wh_warehouse_inbound_outbound 
<where>
<if test="type != null">
type=#{type}
</if>
<if test="status != null">
and status=#{status}
</if>
<if test="startDate != null and startDate !='' ">
and DATE_FORMAT(create_date,'%Y-%m-%d') <![CDATA[>=]]> #{startDate}
</if>
<if test="endDate != null and endDate !='' ">
and DATE_FORMAT(create_date,'%Y-%m-%d') <![CDATA[<=]]> #{endDate}
</if>
</where>
</select>
</mapper>