<?xml version="1.0" encoding="UTF-8"?>
<!DOCTYPE mapper PUBLIC "-//mybatis.org//DTD Mapper 3.0//EN" "http://mybatis.org/dtd/mybatis-3-mapper.dtd" >
<mapper
	namespace="com.huawang.dao.system.SysProductManagementDao">

	<!-- 查找所有部门信息列表 -->
	<select id="queryProductmanagementList"
		resultType="com.huawang.pojo.productManagement.ProductManagementVo">
		SELECT
			S.PRODUCT_ID AS productId,
			S.PRODUCT_NAME AS productName,
				CASE
			WHEN S.PRODUCT_CATEGORY = '0' THEN
				'并发点套餐'
			WHEN S.PRODUCT_CATEGORY = '1' THEN
				'硬件MCU'
			WHEN S.PRODUCT_CATEGORY = '2' THEN
				'终端设备'
			WHEN S.PRODUCT_CATEGORY = '3' THEN
				'加密锁'
			WHEN S.PRODUCT_CATEGORY = '4' THEN
				'外设'
			ELSE
				''
			END AS productCategory,
			S.PRODUCT_INTRODUCTION AS productIntroduction,
			S.CREATE_BY AS createBy,
			S.CREATE_DATE AS createDate,
			S.UPDATE_BY AS updateBy,
			S.UPDATE_DATE AS updateDate
		FROM
			SYS_PRODUCT_MGT S
		WHERE 1=1
		
		<if test="managementVo.productId!=null">
			AND S.PRODUCT_ID= #{managementVo.productId,jdbcType=INTEGER}
		</if>

		<if test="managementVo.productName!=null">
			AND S.PRODUCT_NAME LIKE "%||" #{managementVo.productName,jdbcType=VARCHAR} "||%"
		</if>
		
		<if test="managementVo.productCategory!=null">
			AND S.PRODUCT_CATEGORY=#{managementVo.productCategory,jdbcType=VARCHAR}
		</if> 
		
		GROUP BY
			S.PRODUCT_ID DESC
			
	</select>
	
	<select id="counts" resultType="Integer"> 
		SELECT COUNT(1) FROM SYS_PRODUCT_MGT T
	</select>
	
	<!-- 查询序列值 -->
	<select id="getSeq_productManagementId" resultType="String">
		SELECT NEXTVAL("SEQ_PRODUCTMANAGEMENTID") AS SEQPRODUCTMANAGEMENTID
	</select>
	
	<insert id="addProductmanagementVo">
		INSERT INTO SYS_PRODUCT_MGT (
			PRODUCT_ID,
			PRODUCT_NAME,
			PRODUCT_CATEGORY,
			PRODUCT_INTRODUCTION,
			CREATE_BY,
			CREATE_DATE
			)
			VALUES(
				#{managementVo.productId,jdbcType=INTEGER},
				#{managementVo.productName,jdbcType=VARCHAR},
				#{managementVo.productCategory,jdbcType=VARCHAR},
				#{managementVo.productIntroduction,jdbcType=VARCHAR},
				'1111111',
			 	NOW()
				)
	</insert>
	
	<insert id="addSysProductCodingruleVo">
		INSERT INTO sys_product_coding_rule (
			PRODUCT_ID,
			CODING_TYPE,
			FIXED_CHARACTER,
			CATEGORY_IDENTIFICATION,
			TIME_PARAMETER,
			SERIAL_LENGTH,
			MAXIMUM_NO,
			CREATEDATE
			)
			VALUES(
				#{sysProductCodingruleVo.productId,jdbcType=INTEGER},
				#{sysProductCodingruleVo.codingType,jdbcType=VARCHAR},
				#{sysProductCodingruleVo.fixedCharacter,jdbcType=VARCHAR},
				#{sysProductCodingruleVo.categoryIdentification,jdbcType=VARCHAR},
				#{sysProductCodingruleVo.timeParameter,jdbcType=VARCHAR},
				#{sysProductCodingruleVo.serialLength,jdbcType=VARCHAR},
				#{sysProductCodingruleVo.maximumNo,jdbcType=VARCHAR},
				NOW()
			)
	</insert>
	
	<delete id="deleteProductmanagementVo">
		DELETE FROM SYS_PRODUCT_MGT WHERE PRODUCT_ID = #{productId,jdbcType=INTEGER}
	</delete>
	
	<delete id="deleteSysauthInfoVo">
		DELETE FROM SYS_AUTH_INFO WHERE PRODUCT_ID = #{productId,jdbcType=INTEGER}
	</delete>
	
	<delete id="deleteSysProductCodingruleVo">
		DELETE FROM SYS_PRODUCT_CODING_RULE WHERE PRODUCT_ID = #{productId,jdbcType=INTEGER}
	</delete>
	
	<select id="getSystemFieldCounts" resultType="Integer"> 
		SELECT COUNT(1) FROM SYS_FIELD T
	</select>
	
	<select id="getSystemFieldParameter" resultType="com.huawang.pojo.system.SysField">
	SELECT
		S.FIELD_ID AS FIELDID,
		S.field_name AS FIELDNAME,
		S.FIELD_NAME AS FIELDNAME,
		S.DISPLAY_NAME AS DISPLAYNAME
	FROM
		SYS_FIELD S
	</select>
	
	<select id="detailsSearchByProductId"
		resultType="com.huawang.pojo.productManagement.ProductManagementVo">
		
			SELECT
				S.PRODUCT_ID AS productId,
				S.PRODUCT_NAME AS productName,
				S.PRODUCT_CATEGORY AS productCategory,
				S.PRODUCT_INTRODUCTION AS productIntroduction,
				P.PRODUCT_ID AS "sysProductCodingruleVo.productId",
				P.CODING_TYPE AS "sysProductCodingruleVo.codingType",
				P.FIXED_CHARACTER AS "sysProductCodingruleVo.fixedCharacter",
				P.CATEGORY_IDENTIFICATION AS "sysProductCodingruleVo.categoryIdentification",
				P.TIME_PARAMETER AS "sysProductCodingruleVo.timeParameter",
				P.SERIAL_LENGTH AS "sysProductCodingruleVo.serialLength"
			FROM
				SYS_PRODUCT_MGT S,
				SYS_PRODUCT_CODING_RULE P
			WHERE
				S.PRODUCT_ID = P.PRODUCT_ID
			AND S.PRODUCT_ID = #{productId,jdbcType=INTEGER}
			
	</select>
	
	
	<update id="editProductmanagement">
		UPDATE SYS_PRODUCT_MGT S
			SET 
				S.PRODUCT_NAME = #{managementVo.productName,jdbcType=VARCHAR},
				S.PRODUCT_CATEGORY = #{managementVo.productCategory,jdbcType=VARCHAR},
				S.PRODUCT_INTRODUCTION = #{managementVo.productIntroduction,jdbcType=VARCHAR},
				S.UPDATE_BY = '1111111',
				S.UPDATE_DATE = NOW()
			WHERE
				S.PRODUCT_ID = #{managementVo.productId,jdbcType=INTEGER}
	</update>
	
	<update id="editSysauthInfo">
	
	</update>
	
	<update id="editSysProductCodingrule">
		UPDATE SYS_PRODUCT_CODING_RULE S
			SET 
				S.CODING_TYPE = #{sysProductCodingruleVo.codingType,jdbcType=VARCHAR},
				S.FIXED_CHARACTER = #{sysProductCodingruleVo.fixedCharacter,jdbcType=VARCHAR},
				S.CATEGORY_IDENTIFICATION = #{sysProductCodingruleVo.categoryIdentification,jdbcType=VARCHAR},
				S.TIME_PARAMETER = #{sysProductCodingruleVo.timeParameter,jdbcType=VARCHAR},
				S.SERIAL_LENGTH = #{sysProductCodingruleVo.serialLength,jdbcType=VARCHAR}
			WHERE
				S.PRODUCT_ID = #{sysProductCodingruleVo.productId,jdbcType=INTEGER}
	</update>
	
</mapper>