<?xml version="1.0" encoding="UTF-8"?>
<!DOCTYPE mapper PUBLIC "-//mybatis.org//DTD Mapper 3.0//EN" "http://mybatis.org/dtd/mybatis-3-mapper.dtd" >
<mapper namespace="com.huawang.dao.system.SysDepartmentDao">
	
	<!-- 通过dpid查找部门信息 -->
	<select id="findDepartmentInfoByDpId" resultType="com.huawang.pojo.system.SysDepartment" parameterType="Integer">
		select * from sys_department where department_id = #{departmentId,jdbcType=INTEGER}
	</select>
	
	<!-- 通过dpid查找部门和上级部门信息 -->
	<select id="findDepartmentByDpId" resultType="com.huawang.pojo.system.SysDepartment" parameterType="Integer">
		select t.department_id,t.department_name,t.levels,t.status,t.first_level,t.second_level,t.third_level,t.parent_id,w.department_name as parentDepartment from sys_department t 
			inner join sys_department w where t.parent_id = w.department_id and t.department_id = #{departmentId,jdbcType=INTEGER}
	</select>
	
	<!-- 查找所有部门信息列表 -->
	<select id="findTotalDepartmentList" resultType="com.huawang.pojo.system.SysDepartment">
		select t.department_id,t.department_name,w.department_name as parentDepartment from sys_department t 
			inner join sys_department w where t.parent_id = w.department_id and 
			t.department_id <![CDATA[<>]]> 1 
			order by t.department_id desc
	</select>
	
	<!-- 查找所有部门信息总数 -->
	<select id="findTotalDepartmentCount" resultType="Integer">
		select count(1) from sys_department t 
			inner join sys_department w where t.parent_id = w.department_id and 
			t.department_id <![CDATA[<>]]> 1 
	</select>
	
	<!-- 通过dpid查找部门信息列表 -->
	<select id="findDepartmentListByDpId" resultType="com.huawang.pojo.system.SysDepartment" parameterType="Integer">
		select t.department_id,t.department_name,w.department_name as parentDepartment from sys_department t 
			inner join sys_department w where t.parent_id = w.department_id and 
			(t.department_id = #{departmentId,jdbcType=INTEGER} or t.first_level = #{departmentId,jdbcType=INTEGER} 
			or t.second_level = #{departmentId,jdbcType=INTEGER} or t.third_level = #{departmentId,jdbcType=INTEGER} )
			order by t.department_id desc
	</select>
	
	<!-- 通过dpid查找部门信息总数 -->
	<select id="findCountByDpId" resultType="Integer" parameterType="Integer">
		select count(1) from sys_department t 
			inner join sys_department w where t.parent_id = w.department_id and 
			(t.department_id = #{departmentId,jdbcType=INTEGER} or t.first_level = #{departmentId,jdbcType=INTEGER} 
			or t.second_level = #{departmentId,jdbcType=INTEGER} or t.third_level = #{departmentId,jdbcType=INTEGER} )
	</select>
	
	<!-- 通过parentid查找部门信息 -->
	<select id="findDepartmentByParentId" resultType="com.huawang.pojo.system.SysDepartment" parameterType="Integer">
		select * from sys_department where parent_id = #{parentId,jdbcType=INTEGER} order by department_id desc 
	</select>
	
	<!-- 新增部门 -->
	<insert id="addDepartment" parameterType="com.huawang.pojo.system.SysDepartment">
	insert into sys_department(parent_id,levels,first_level,second_level,third_level,department_name,
	status,create_by,create_date,update_by,update_date)values(#{parentId},#{levels},#{firstLevel},#{secondLevel},
	#{thirdLevel},#{departmentName},#{status},#{createBy},#{createDate},#{updateBy},#{updateDate})
	</insert>
	
	<!-- 删除部门及其子部门 -->
	<delete id="deleteDepartment" parameterType="Integer">
	delete from sys_department where department_id=#{departmentId} or parent_id=#{departmentId} 
	</delete>
	
	<!-- 修改部门 -->
	<update id="updateDepartment" parameterType="com.huawang.pojo.system.SysDepartment">
	update sys_department set department_name=#{departmentName} where department_id=#{departmentId,jdbcType=INTEGER}
	</update>
	
	<!-- 查找部门及其子部门ID -->
	<select id="findDepartmentIdByDpId" resultType="com.huawang.pojo.system.SysDepartment" parameterType="Integer">
	select department_id,department_name from sys_department where department_id=#{departmentId,jdbcType=INTEGER} or parent_id=#{departmentId,jdbcType=INTEGER} 
	</select>
</mapper>