<?xml version="1.0" encoding="UTF-8" ?>  
<!DOCTYPE mapper PUBLIC "-//mybatis.org//DTD Mapper 3.0//EN" "http://mybatis.org/dtd/mybatis-3-mapper.dtd" >

<mapper namespace="com.huawang.dao.system.SysFieldDao">

	<select id="findField" resultType="com.huawang.pojo.system.SysField">
		select * from sys_field
	</select>
	
	<delete id="deleteSysField" parameterType="int">
	delete from sys_field where field_id=#{id}
	</delete>
	
	<select id="findOneField" resultType="com.huawang.pojo.system.SysField">
		select * from sys_field where field_id=#{id}
	</select>
	
	<update id="updateSysField" parameterType="com.huawang.pojo.system.SysField">
	update sys_field set display_name=#{displayName},
	
	maximum_value=#{maximumValue},
	minimum_value=#{minimumValue},
	
	instructions=#{instructions}
	where field_id=#{fieldId}
	</update>
	
	<insert id="insertSysField" parameterType="com.huawang.pojo.system.SysField">
	insert into sys_field(field_name,display_name,field_type,maximum_value,minimum_value,
	create_by,create_date,update_by,update_date,instructions)values(#{fieldName},#{displayName},#{fieldType},
	#{maximumValue},#{minimumValue},#{createBy},#{createDate},#{updateBy},#{updateDate},#{instructions})
	</insert>
</mapper>