<?xml version="1.0" encoding="UTF-8"?>
<!DOCTYPE mapper PUBLIC "-//mybatis.org//DTD Mapper 3.0//EN" "http://mybatis.org/dtd/mybatis-3-mapper.dtd" >

<mapper namespace="com.huawang.dao.system.SysUserDao">
	
	<!-- 检查用户名 -->
	<select id="checkUserName" resultType="com.huawang.pojo.system.SysUser">
		select * from sys_user where login_code = #{userName,jdbcType=VARCHAR}
	</select>
	
	<!-- 检查用户密码 -->
	<select id="checkUserNameAndPassword" resultType="com.huawang.pojo.system.SysUser">
		select * from sys_user where login_code = #{userName,jdbcType=VARCHAR} and password = #{password,jdbcType=VARCHAR}
	</select>
	
	<!-- 更新sessionid -->
	<update id="updateSessionId">
		update sys_user set session_id = #{sessionId,jdbcType=VARCHAR} where user_id = #{userId,jdbcType=INTEGER}
	</update>
	
	<!-- 查找用户sessionid -->
	<select id="findSessionIdByUserId" resultType="String" parameterType="Integer">
		select session_id from sys_user where user_id = #{userId,jdbcType=INTEGER}
	</select>
	
	<insert id="registerUser" parameterType="com.huawang.pojo.system.SysUser">
	insert into sys_user(is_admin,user_name,password,login_code,email,mobile,gender,department_id,
	status,create_by,create_date,update_by,update_date)values(#{isAdmin},#{userName},#{password},
	#{loginCode},#{email},#{mobile},#{gender},#{departmentId},#{status},#{createBy},#{createDate},
	#{updateBy},#{updateDate})
	</insert>
	
	<!-- 查找全部用户 -->
	<select id="findTotalUserList" resultType="com.huawang.pojo.system.SysUser">
	select user_id,user_name,department_id from sys_user order by user_id desc
	</select>
	
	<!-- 按部门ID查找用户 -->
	<select id="findUserBydpmentId" resultType="com.huawang.pojo.system.SysUser" parameterType="Integer">
	select user_id,user_name from sys_user where department_id=#{departmentId}
	</select>
	
	<!-- 按ID修改用户密码 -->
	<update id="changePasswordByid" parameterType="com.huawang.pojo.system.SysUser">
	update sys_user set password=#{password} where user_id=#{userId}
	</update>
	
	<!-- 按用户ID查找用户信息 -->
	<select id="findUserInfoById" resultType="com.huawang.pojo.system.SysUser" parameterType="Integer">
	select * from sys_user where user_id=#{userId,jdbcType=INTEGER}
	</select>
	
	<!-- 按用户ID修改用户信息 -->
	<update id="editUserInfoById" parameterType="com.huawang.pojo.system.SysUser">
	update sys_user set is_admin=#{isAdmin},user_name=#{userName},email=#{email},
	gender=#{gender},department_id=#{departmentId},status=#{status},update_by=#{updateBy},
	mobile=#{mobile},update_date=#{updateDate} where user_id=#{userId}
	</update>
</mapper>