<?xml version="1.0" encoding="UTF-8"?>
<!DOCTYPE mapper PUBLIC "-//mybatis.org//DTD Mapper 3.0//EN" "http://mybatis.org/dtd/mybatis-3-mapper.dtd" >
<mapper namespace="com.huawang.dao.organization.UserDao">

	<select id="getUserInfo" resultType="com.huawang.pojo.organization.UserVOExtend">
		select 
			td.DpName,
			<include refid="sql_basic_column"/>
		from t_userinfo t
		LEFT JOIN t_department td ON t.DpId = td.DpId
		where t.UserID=#{UserID,jdbcType=INTEGER}
	</select>
	
	<select id="getUserRequest" resultType="java.util.Map">
		select 
				userId as id,
				userId as uId,
				userId,
				displayName,
				userPassword,
				userPhone,
				userStatus,
				applyTime,
				CompID AS compId
		  from	t_user_request
		  where CompID=#{compId,jdbcType=INTEGER}
	  	 <if test="userStatus !=null and userStatus !=''">
	    		and userStatus=#{userStatus,jdbcType=INTEGER}
	    </if>
	    <if test="userPhone !=null and userPhone !=''">
	    		and userPhone like CONCAT('%',#{userPhone,jdbcType=VARCHAR},'%')
	    </if>
		  order by applyTime desc
		  LIMIT #{page.startRow,jdbcType=INTEGER},#{page.pageSize,jdbcType=INTEGER}
	</select>
	
	<select id="getUserRequestCount" resultType="int">
		select 
				count(1)
		  from	t_user_request
		  where CompID=#{compId,jdbcType=INTEGER}
	    <if test="userStatus !=null and userStatus !=''">
	    		and userStatus=#{userStatus,jdbcType=INTEGER}
	    </if>
	    <if test="userPhone !=null and userPhone !=''">
	    		and userPhone like CONCAT('%',#{userPhone,jdbcType=VARCHAR},'%')
	    </if>
	</select>
	
	<select id="getUserRequestHistory" resultType="java.util.Map">
		select 
				userId as id,
				userId as uId,
				userId,
				displayName,
				userPassword,
				userPhone,
				userStatus,
				applyTime,
				CompID AS compId
		  from	t_user_request
		  where CompID=#{compId,jdbcType=INTEGER}
	  	<if test="userStatus !=null and userStatus!=-1">
	    		and userStatus=#{userStatus,jdbcType=INTEGER}
	    </if>
	    <if test="userStatus ==null or userStatus==-1"> 
	    		and userStatus>1
	    </if>
	    <if test="userPhone !=null and userPhone !=''">
	    		and userPhone like CONCAT('%',#{userPhone,jdbcType=VARCHAR},'%')
	    </if>
		  order by applyTime desc
		  LIMIT #{page.startRow,jdbcType=INTEGER},#{page.pageSize,jdbcType=INTEGER}
	</select>
	
	<select id="getUserRequestHistoryCount" resultType="int">
		select 
				count(1)
		  from	t_user_request
		  where CompID=#{compId,jdbcType=INTEGER}
	     <if test="userStatus !=null and userStatus!=-1">
	    		and userStatus=#{userStatus,jdbcType=INTEGER}
	    </if>
	    <if test="userStatus ==null or userStatus==-1"> 
	    		and userStatus>1
	    </if>
	    <if test="userPhone !=null and userPhone !=''">
	    		and userPhone like CONCAT('%',#{userPhone,jdbcType=VARCHAR},'%')
	    </if>
	</select>
	
	<update id="agreeUserRequest" >
		update t_user_request 
		   set userStatus=#{userStatus,jdbcType=INTEGER},
		   	   userInfoId=#{userInfoId,jdbcType=INTEGER}
		 where userId=#{userId,jdbcType=INTEGER}
	</update>
	
	<insert id="addUserToCompany" parameterType="com.huawang.pojo.organization.UserVOExtend">
		insert into 
			t_userinfo(
			UserName,
			UserPassword,
			Telephone,
			DpId,
			IsSuper,
			joinMode,
			registerTime,
			CompID,
			AdminID,
			lastLoginTime)values(
			#{userVOExtend.UserName,jdbcType=VARCHAR},
			#{userVOExtend.UserPassword,jdbcType=VARCHAR},
			#{userVOExtend.Telephone,jdbcType=VARCHAR},
			#{userVOExtend.DpId,jdbcType=INTEGER},
			#{userVOExtend.IsSuper,jdbcType=VARCHAR},
			#{userVOExtend.joinMode,jdbcType=VARCHAR},
			#{userVOExtend.registerTime,jdbcType=TIMESTAMP},
			#{userVOExtend.CompID,jdbcType=INTEGER},
			#{userVOExtend.AdminID,jdbcType=INTEGER},
			#{userVOExtend.lastLoginTime,jdbcType=VARCHAR}
			)
			
		<selectKey resultType="int" keyProperty="userVOExtend.UserID">  
             SELECT LAST_INSERT_ID() AS UserID  
        </selectKey>  
	</insert>
	
	<!-- <insert id="addBatchUserToCompany"  parameterType="java.util.ArrayList">
		insert into 
			t_userinfo(
			UserName,
			UserPassword,
			Telephone,
			DpId,
			IsSuper,
			joinMode,
			registerTime,
			CompID,
			AdminID,
			lastLoginTime)values
	<foreach collection="userVOList" item="userVO" index="index" separator=","> 
        	(
			#{userVO.UserName,jdbcType=VARCHAR},
			#{userVO.UserPassword,jdbcType=VARCHAR},
			#{userVO.Telephone,jdbcType=VARCHAR},
			#{userVO.DpId,jdbcType=INTEGER},
			#{userVO.IsSuper,jdbcType=VARCHAR},
			#{userVO.joinMode,jdbcType=VARCHAR},
			#{userVO.registerTime,jdbcType=TIMESTAMP},
			#{userVO.CompID,jdbcType=INTEGER},
			#{userVO.AdminID,jdbcType=INTEGER},
			#{userVO.lastLoginTime,jdbcType=VARCHAR}
			)
			
    	</foreach> 
    	<selectKey resultType="int" order="AFTER" keyProperty="UserID">  
             SELECT LAST_INSERT_ID() AS UserID  
        </selectKey>
    	
	</insert> -->
	
	<update id="rejectUserRequest" >
		update t_user_request 
		   set userStatus=#{userStatus,jdbcType=INTEGER} 
		 where userId=#{userId,jdbcType=INTEGER}
	</update>
	
	<update id="rejectBatchUserRequest" >
		update t_user_request 
		   set userStatus=#{userStatus,jdbcType=INTEGER} 
		 where 
		 <foreach collection="userIdList" index="index" item="userId"  separator="or">
                userId=#{userId,jdbcType=INTEGER}       
         </foreach>    
	</update>
	
	
	<select id="getUserBatchRequestInfo" resultType="com.huawang.pojo.organization.UserRequestVO">
		select
			userId,
			displayName,
			userPassword,
			userPhone,
			userStatus,
			applyTime,
			CompID,
			inviterId,
			inviterName,
			inviteType,
			userInfoId
	   from t_user_request
	   where 
	   <foreach collection="userIdList" index="index" item="userId" separator="or">
              userId=#{userId,jdbcType=INTEGER}      
         </foreach>    
	   
	</select>
	<select id="getUserRequestInfo" resultType="com.huawang.pojo.organization.UserRequestVO">
		select
			userId,
			displayName,
			userPassword,
			userPhone,
			userStatus,
			applyTime,
			CompID,
			inviterId,
			inviterName,
			inviteType,
			userInfoId
	   from t_user_request
	  where userId=#{userId,jdbcType=INTEGER}
			
	</select>
	
	
	<select id="uniqueUserNameCheck" resultType="int">
		select 
			count(1) 
		from t_userinfo 
		where UserName=#{userName,jdbcType=VARCHAR}
	</select>
	
	<select id="getUserIdByUserName" resultType="int">
		select 
			UserID 
		from t_userinfo 
		where UserName=#{userName,jdbcType=VARCHAR}
	</select>
	
	<sql id="sql_basic_column">
		t.Codeno,
		t.UserID,
		t.UserName,
		t.UserPassword,
		t.TelUserName,
		t.TelUserPassword,
		t.DisplayName,
		t.UserSex,
		t.Email,
		t.Telephone,
		t.OrderIndex,
		t.UserStatus,
		t.DpId,
		t.ServerIP,
		t.IsSuper,
		t.CsId,
		t.MsId,
		t.createtime,
		t.endtime,
		t.ComGrade,
		t.Post,
		t.State,
		t.UserType,
		t.Description,
		t.Attend,
		t.isuse,
		t.joinMode,
		t.logo,
		t.registerTime,
		t.CompID,
		t.AdminID,
		t.lastLoginTime
	</sql>

</mapper>





















