<?xml version="1.0" encoding="UTF-8"?>
<!DOCTYPE mapper PUBLIC "-//mybatis.org//DTD Mapper 3.0//EN" "http://mybatis.org/dtd/mybatis-3-mapper.dtd" >
<mapper namespace="com.huawang.dao.meetingRoom.MeetingRoomDao">

	<select id="getAttendMeetingMap" resultType="com.huawang.pojo.meetingRoom.TConfinfo">
			SELECT  
			t1.StartTime AS startTime,t1.EndTime AS endTime,
			t1.ConfID AS confId,
			t1.ConfID AS ids,
			t1.confName AS confName,
			t1.CurUserCount AS curUserCount,
			(select COUNT(*) from t_confusers where ConfID =t1.ConfID) AS maxUserCount, 
			t1.ConfDesc AS confDesc,t1.IsReservedConf AS isReservedConf 
		    from  
		    t_confinfo t1  LEFT JOIN t_compinfo t2 ON t1.CompID =t2.CompID    
		    WHERE 1 = 1 and t1.IsOnOff=1 
		    and t1.CompID= #{confinfo.compId} 
		    order by t1.ConfID ASC
		    limit #{i,jdbcType=INTEGER},#{rows,jdbcType=INTEGER}
	</select>
	<select id="getAttendMeetingMapCounts" resultType="Integer">
			SELECT  
				count(1)
			from  
		   t_confinfo t1  LEFT JOIN t_compinfo t2 ON t1.CompID =t2.CompID    
		    WHERE 1 = 1 and t1.IsOnOff=1 and t1.CompID= #{confinfo.compId} 
	</select>
	<select id="getConfPwd" resultType="com.huawang.pojo.meetingRoom.TConfinfo">
		select t.ConfName AS confName,
			   t.ConfPwd AS confPwd,
			   t1.ServerIP AS serverIp,
			   t.IsPublic AS isPublic,
			   t.IsReservedConf AS isReservedConf,
			   t.StartTime AS startTime 
			from t_confinfo t 
		LEFT JOIN t_serverinfo t1 on t.ServerId =t1.ServerID
		 where t.ConfID = #{confId,jdbcType=INTEGER}
	</select>
	
	<sql id="query_meeting_manager">
		 SELECT  
		 	t1.ConfID AS confId,
			t1.confName AS confName,
			t1.MaxUserCount AS maxUserCount,
			t1.IsReservedConf AS isReservedConf,
			t1.IsPublic AS isPublic,
			t1.IsOnOff AS isOnOff,
			t2.ServerName AS serverName,
			t2.ServerIP AS serverIp,
			(select COUNT(*) from t_confusers where ConfID =t1.ConfID) as curUserCount,
			t1.ConfPwd AS confPwd,t1.ChairPwd AS chairPwd,t1.plan AS plan,
			t1.ConfDesc AS confDesc,t1.StartTime AS startTime,t1.EndTime AS endTime,t1.BeginTime AS beginTime 
			from t_confinfo t1 
		     LEFT JOIN t_serverinfo t2 ON t1.ServerId =t2.ServerID 
		     LEFT JOIN t_compinfo t3 ON t1.CompID =t3.CompID
		WHERE 1 = 1  
	</sql>
	<select id="getPlan" resultType="String">
		select plan from t_confinfo where ConfId=#{confId,jdbcType=INTEGER}
	</select>
	
	<sql id="query_meeting_where">
		<if test='confinfo.confName!=null and confinfo.confName!=""'>
			and t1.confName LIKE "%" #{confinfo.confName,jdbcType=VARCHAR} "%"
		</if>
		<if test='confinfo.isReservedConf!=null and confinfo.isReservedConf!=""'>
			and t1.IsReservedConf = #{confinfo.isReservedConf,jdbcType=VARCHAR}
		</if>
		<if test='confinfo.isOnOff!=null and confinfo.isOnOff!=""'>
			and t1.isOnOff = #{confinfo.isOnOff,jdbcType=VARCHAR}
		</if>
	</sql>
	
		
	<select id="getMeetingManagerMap" resultType="com.huawang.pojo.meetingRoom.TConfinfo">
		 <include refid="query_meeting_manager"></include>
		 <include refid="query_meeting_where"></include> 
			 <if test='confinfo.compId!=null and confinfo.compId!=""'>
				and t1.CompID=#{confinfo.compId}
			</if>
			 order by t1.ConfID ASC
		limit #{i,jdbcType=INTEGER},#{rows,jdbcType=INTEGER}
	</select>
	<select id="getMeetingManagerMapCount" resultType="Integer">
		SELECT count(1) from t_confinfo t1  
			LEFT JOIN t_serverinfo t2 ON t1.ServerId =t2.ServerID
			LEFT JOIN t_compinfo t3 ON t1.CompID =t3.CompID
		WHERE 1 = 1 
		<include refid="query_meeting_where"></include> 
		<if test='confinfo.compId!=null and confinfo.compId!=""'>
				and t1.CompID=#{confinfo.compId}
		</if>
	</select>
	<select id="getCompProduct" resultType="com.huawang.pojo.meetingRoom.TConfinfo">
		select t2.ProductName,t1.CompTrueName from t_userinfo t 
			 LEFT JOIN t_compinfo t1 on t.CompID =t1.CompID
			 LEFT JOIN t_product_definition t2 on t1.ProductId = t2.ProductId
		where t.UserName = #{userName}
	</select>
	
	<insert id="addMeeting" >
		INSERT INTO t_confinfo (
			Codeno,
			ConfID,
			ConfName,
			ConfPwd,
			TelConfName,
			MaxUserCount,
			CurUserCount,
			ConfStatus,
			MCUIP,
			StartTime,
			<if test="confinfo.endTime!=null and confinfo.endTime!=''">
				EndTime,
			</if>
			ConfDesc,
			AdminID,
			BroadCastIP,
			BroadCastPort,
			IsPublic,
			ParentConfID,
			IsOnOff,
			CompID,
			ChairPwd,
			ProductType,
			AuditStatus,
			IsPassword,
			ServerId,
			IsReservedConf,
			IsAll,
			ParentConfPassword,
			plan,
			BeginTime,
			overTime,
			CurServerID)
		VALUES
		(
			0,
			#{confinfo.confId,jdbcType=INTEGER},
			#{confinfo.confName,jdbcType=VARCHAR},
			#{confinfo.confPwd,jdbcType=VARCHAR},
			#{confinfo.telConfName,jdbcType=VARCHAR},
			#{confinfo.maxUserCount,jdbcType=INTEGER},
			0,
			#{confinfo.confStatus,jdbcType=INTEGER},
			#{confinfo.mCUIP,jdbcType=VARCHAR},
			#{confinfo.startTime,jdbcType=VARCHAR},
			<if test="confinfo.endTime!=null and confinfo.endTime!=''">
				#{confinfo.endTime,jdbcType=VARCHAR},
			</if>
			#{confinfo.confDesc,jdbcType=VARCHAR},
			0,
			<!-- //#{confinfo.adminId}, -->
			#{confinfo.broadCastIP,jdbcType=VARCHAR},
			#{confinfo.broadCastPort,jdbcType=INTEGER},
			#{confinfo.isPublic,jdbcType=VARCHAR},
			0,
			<!-- #{confinfo.parentConfId}, -->
			#{confinfo.isOnOff,jdbcType=VARCHAR},
			#{confinfo.compId,jdbcType=INTEGER},
			#{confinfo.chairPwd,jdbcType=VARCHAR},
			#{productId,jdbcType=INTEGER},
			#{confinfo.auditStatus,jdbcType=VARCHAR},
			#{confinfo.isPassword,jdbcType=VARCHAR},
			#{mcuIpId,jdbcType=INTEGER},
			#{confinfo.isReservedConf,jdbcType=VARCHAR},
			1,
			#{confinfo.parentConfPassword},
			#{confinfo.plan,jdbcType=VARCHAR},
			#{confinfo.beginTime,jdbcType=VARCHAR},
			#{confinfo.overTime,jdbcType=VARCHAR},
			#{confinfo.curServerId,jdbcType=INTEGER}
			)
	</insert>
	
	<select id="selectMaxUserCount" resultType="com.huawang.pojo.meetingRoom.TCompinfo">
		select McuipId AS mcuIpId, MaxUserCount AS  maxUserCount,(select t.productId from t_compinfo_product t where 
		t.CompID = #{compId,jdbcType=INTEGER}) AS productId
		,(SELECT t.IsMeeting FROM t_compinfo t WHERE t.CompID =#{compId,jdbcType=INTEGER})AS IsMeeting,
		(SELECT t.MeetingCount FROM t_compinfo t WHERE t.CompID =#{compId,jdbcType=INTEGER})AS MeetingCount
		  from t_compinfo where CompID= #{compId,jdbcType=INTEGER}
	</select>
	
	<select id="selectConfinfoList" resultType="com.huawang.pojo.meetingRoom.TConfinfo">
 		SELECT ConfID,IsReservedConf,StartTime,EndTime from t_confinfo  WHERE CompID = #{compId,jdbcType=VARCHAR}
		 	AND IsReservedConf = #{isReservedConf,jdbcType=INTEGER} 
		 	AND StartTime BETWEEN #{startTime,jdbcType=VARCHAR} AND #{endTime,jdbcType=VARCHAR}
			OR  EndTime BETWEEN  #{startTime,jdbcType=VARCHAR} AND #{endTime,jdbcType=VARCHAR}
			OR (StartTime &lt;= #{startTime,jdbcType=VARCHAR} AND EndTime  &gt;= #{endTime,jdbcType=VARCHAR}) 
			AND IsReservedConf is NOT NULL
	</select>
	<select id="selectConfinfoCount" resultType="Integer">
		SELECT  count(*)  from t_confinfo t WHERE t.CompID = #{compId,jdbcType=VARCHAR}
		 	AND IsReservedConf = #{isReservedConf,jdbcType=INTEGER} 
		 	AND StartTime BETWEEN #{startTime,jdbcType=VARCHAR} AND #{endTime,jdbcType=VARCHAR}
			OR  EndTime BETWEEN  #{startTime,jdbcType=VARCHAR} AND #{endTime,jdbcType=VARCHAR}
			OR (StartTime &lt;= #{startTime,jdbcType=VARCHAR} AND EndTime  &gt;= #{endTime,jdbcType=VARCHAR}) 
			AND IsReservedConf is NOT NULL
	</select>
	
	<select id="getMeetingInfo" resultType="com.huawang.pojo.meetingRoom.TConfinfo">
		<include refid="query_meeting_manager"></include>
		 and t1.ConfID =#{confId,jdbcType=INTEGER}
	</select>
	
	<select id="selectDistributeUser" resultType="String">
		SELECT UserID from t_confusers where ConfID = #{confId,jdbcType=INTEGER}
	</select>
	<select id="selectUserToConfId" resultType="String">
		SELECT ConfID FROM t_confusers WHERE UserID = #{userId,jdbcType=INTEGER}
	</select>
	<select id="selectMeetStatus" resultType="com.huawang.pojo.meetingRoom.TConfinfo">
			select IsOnOff from t_confinfo where confId = #{confId,jdbcType=INTEGER}
	</select>
	<delete id="delMeetDao" parameterType="Integer">
		delete from t_confinfo where confId = #{confId,jdbcType=INTEGER}
	</delete>
	
	
	
	<update id="saveMeeting">
		update t_confinfo t
		set
			<if test='confinfo.confName!=null and confinfo.confName!=""'>
				t.confName =   #{confinfo.confName,jdbcType=VARCHAR}
			</if>
			<if test='confinfo.confPwd!=null and confinfo.confPwd!=""'>
				,t.ConfPwd =   #{confinfo.confPwd,jdbcType=VARCHAR}
			</if>
			<if test='confinfo.maxUserCount!=null and confinfo.maxUserCount!=""'>
				,t.MaxUserCount =   #{confinfo.maxUserCount,jdbcType=VARCHAR}
			</if>
			<if test='confinfo.chairPwd!=null and confinfo.chairPwd!=""'>
				,t.ChairPwd =   #{confinfo.chairPwd,jdbcType=VARCHAR}
			</if>
			<if test='confinfo.isPublic!=null and confinfo.isPublic!=""'>
				,t.IsPublic =   #{confinfo.isPublic,jdbcType=VARCHAR}
			</if>
			<if test='confinfo.isReservedConf!=null and confinfo.isReservedConf!=""'>
				,t.isReservedConf =   #{confinfo.isReservedConf,jdbcType=VARCHAR}
			</if>
			<if test='confinfo.beginTime!=null and confinfo.beginTime!=""'>
				,t.BeginTime =   #{confinfo.beginTime,jdbcType=VARCHAR}
			</if>
			<if test='confinfo.plan!=null and confinfo.plan!=""'>
				,t.plan =   #{confinfo.plan,jdbcType=VARCHAR}
			</if>
			<if test='confinfo.startTime!=null and confinfo.startTime!=""'>
				,t.StartTime =   #{confinfo.startTime,jdbcType=VARCHAR}
			</if>
			<if test='confinfo.endTime!=null and confinfo.endTime!=""'>
				,t.EndTime =   #{confinfo.endTime,jdbcType=VARCHAR}
			</if>
			<if test='confinfo.isOnOff!=null and confinfo.isOnOff!=""'>
				,t.IsOnOff =   #{confinfo.isOnOff,jdbcType=VARCHAR}
			</if>
			<if test='confinfo.confDesc!=null and confinfo.confDesc!=""'>
				,t.ConfDesc =   #{confinfo.confDesc,jdbcType=VARCHAR}
			</if>
			where t.ConfID =#{confinfo.confId,jdbcType=INTEGER}
	</update>
	
	<update id="updateUserStatus">
		UPDATE t_userinfo SET Attend = #{attend,jdbcType=INTEGER} where UserID = #{userID,jdbcType=INTEGER}
	</update>
	<select id="selectConfuseList" resultType="com.huawang.pojo.meetingRoom.TConfinfo" parameterType="java.util.List">
		select t.UserId,t.UserName,t.DisplayName,t.IsSuper,(select DpName from t_department where t.DpId =DpId) AS dpName from t_userinfo t where t.UserID 
		IN
		<foreach collection="userIdList" index="item" open="(" separator="," close=")" item="item" >
            	#{item}
        </foreach>
	</select>
	
	<delete id="delDistribute">
		delete from t_confusers where confId=#{confId,jdbcType=INTEGER} and userID =#{userId,jdbcType=INTEGER}
	</delete>
	<insert id="addAttendMeetingUser">
			INSERT INTO t_confusers(ConfID,UserID,UserRight,UserPos,CsipId,MsipId)values(#{confId,jdbcType=INTEGER},#{userID,jdbcType=INTEGER},#{userRight,jdbcType=VARCHAR},0,0,0)
	</insert>
	<select id="selectUserIdByConfId" resultType="com.huawang.pojo.meetingRoom.TConfinfo">
		SELECT UserID from t_confusers where ConfID =#{confId,jdbcType=INTEGER}
	</select>
	<select id="selectUserInfoDistri" resultType="Integer">
		SELECT count(1) from t_confusers where ConfID =#{confId,jdbcType=INTEGER} and UserID = #{userID,jdbcType=INTEGER}
	</select>
	
	<select id="query_confId" resultType="Integer">
			SELECT  
				count(1)
			from  
		    t_confinfo t  WHERE 1 = 1 
		    and t.ConfName = #{confinfo.confName,jdbcType=VARCHAR}
		<if test='confinfo.confId!=null and  confinfo.confId!=""'>
			and t.ConfID  &lt;&gt; #{confinfo.confId,jdbcType=INTEGER}
		</if>    
		
	</select>
	
	<select id="selectconfIdBycompId" resultType="com.huawang.pojo.meetingRoom.TConfinfo">
			select compId from t_confinfo  where ConfID =#{confId,jdbcType=INTEGER}
	</select>
	
	<select id="selectUserList" resultType="com.huawang.pojo.meetingRoom.TUserinfo">
		select t1.UserID,t1.UserName,t.DpName,t1.IsSuper from t_department t LEFT JOIN t_userinfo t1 ON t.DpId =t1.DpId  where
		 t.DpId = #{dpId,jdbcType=INTEGER} and t1.CompId =#{compId,jdbcType=INTEGER}
		 AND t1.Attend = #{attend,jdbcType=INTEGER}
		 <if test="confinfo.userName !=null and confinfo.userName!=''">
			and t1.UserName like "%" #{confinfo.userName,jdbcType=VARCHAR} "%"
		 </if>
		 <!--  limit #{i,jdbcType=INTEGER},#{rows,jdbcType=INTEGER} -->
	</select>
	<select id="selectUserCount"  resultType="Integer">
		select count(1) from t_department t LEFT JOIN t_userinfo t1 ON t.DpId =t1.DpId  where 
		t.DpId = #{dpId,jdbcType=INTEGER} 
		and t1.CompId =#{compId,jdbcType=INTEGER}
		AND t1.Attend = #{attend,jdbcType=INTEGER}
		<if test="confinfo.userName !=null and confinfo.userName!=''">
			and t1.UserName like "%" #{confinfo.userName,jdbcType=VARCHAR} "%"
		 </if>
	</select>
	<sql id="query_confName_where">
		<if  test="confinfo.confName!=null and confinfo.confName!=''">
			and t1.ConfName like "%" #{confinfo.confName,jdbcType=VARCHAR} "%"
		</if>
		<if test="confinfo.startTime!=null and confinfo.startTime!=''">
			and t2.StartTime &gt; #{confinfo.startTime}
		</if>
		<if test="confinfo.endTime!=null and confinfo.endTime!=''">
			 and t2.EndTime  &lt; #{confinfo.endTime}
		</if>
	</sql>
	
	<select id="getMeetStatistics" resultType="com.huawang.pojo.meetingRoom.TConfinfo">
		select 
			t1.ConfID AS confId,
			t1.ConfName AS confName,
			t1.MaxUserCount AS curUserCount,
			t2.StartTime AS startTime,
			t2.EndTime AS endTime,
			t2.MaxCount AS maxCount,
			(select COUNT(*) from t_confusers where ConfID =t1.ConfID)AS confUserCount,
			(select ServerName  from t_serverinfo where ServerID =t1.ServerId) AS serverName,
			(select ServerIP  from t_serverinfo where ServerID =t1.ServerId) AS serverIp
			from t_compinfo t 
			LEFT JOIN t_confinfo t1 on t.CompID =t1.CompID 		
			LEFT JOIN t_log_conf t2 ON t1.ConfID =t2.ConfID 
		where t.CompID = #{confinfo.compId,jdbcType=INTEGER}
		<include refid="query_confName_where"></include>
		 order by t1.ConfID ASC
		limit #{i,jdbcType=INTEGER},#{rows,jdbcType=INTEGER}
		
	</select>
	<select id="getMeetStatisticsCount" resultType="Integer">
		select 
			count(1)
			from t_compinfo t 
			LEFT JOIN t_confinfo t1 on t.CompID =t1.CompID 		
			LEFT JOIN t_log_conf t2 ON t1.ConfID =t2.ConfID 
		where t.CompID = #{confinfo.compId,jdbcType=INTEGER}
		<include refid="query_confName_where"></include>
	</select>
	<select id="getMeetStatisDetail" resultType="com.huawang.pojo.meetingRoom.TConfinfo">
		select t2.DetailID AS detailId,
			   t.ConfName AS confName,
			   t2.UserName AS userName,
			   t2.StartTime AS startTime,
			   t2.EndTime AS endTime,
			   t2.LoginIp AS loginIp 
			 from t_confinfo t 
			left JOIN t_log_conf t1 ON t.ConfID =t1.ConfID
			LEFT JOIN t_log_conf_detail t2 ON t1.LogConfID = t2.LogConfID  
			where t.ConfID = #{confinfo.confId,jdbcType=INTEGER}
			<if test="confinfo.userName !=null and confinfo.userName !=''">
				 and t2.UserName = #{confinfo.userName,jdbcType=VARCHAR}
			</if>
			
			
			limit #{i,jdbcType=INTEGER},#{rows,jdbcType=INTEGER}
	</select>
	<select id="getMeetStatisCount"  resultType="Integer">
			select count(1)  
			 from t_confinfo t 
			left JOIN t_log_conf t1 ON t.ConfID =t1.ConfID
			LEFT JOIN t_log_conf_detail t2 ON t1.LogConfID = t2.LogConfID  
			where t.ConfID = #{confinfo.confId,jdbcType=INTEGER}
	</select>
	<select id="getMyMeetingHistory" resultType="com.huawang.pojo.meetingRoom.TLogConfDetail">
		select
			   t2.ConfName AS confName,
			   t2.StartTime AS startTime,
			   t2.EndTime AS endTime,
			   t2.Times AS times,
			   t2.LoginIp AS loginIp 
		from   t_log_conf_detail t2
		where  t2.UserID=#{userId,jdbcType=INTEGER}
		ORDER BY t2.StartTime
		LIMIT #{page.startRow,jdbcType=INTEGER},#{page.pageSize,jdbcType=INTEGER}
	</select>
	<select id="getMyMeetingHistoryCount" resultType="int">
		select
			   count(1)
		from   t_log_conf_detail t2
		where  t2.UserID=#{userId,jdbcType=INTEGER}
	</select>
	<select id="getMyMeetingAuthority" resultType="java.util.Map">
		select tc.ConfID as confId,
			   tc.ConfName as confName,
			   tc.IsReservedConf as isReservedConf,
			   concat(IFNULL(date_format(tc.StartTime,'%Y-%c-%d %H:%i:%s'),''), IFNULL(tc.BeginTime,'')) AS startTime, 
			   c.UserRight as userRight
		from t_confinfo tc
		LEFT JOIN t_confusers c ON tc.ConfID=c.ConfID
		where  c.UserID=#{userId,jdbcType=INTEGER}
		ORDER BY tc.StartTime,tc.BeginTime
		LIMIT #{page.startRow,jdbcType=INTEGER},#{page.pageSize,jdbcType=INTEGER}
	</select>
	<select id="getMyMeetingAuthorityCount" resultType="int">
		select
			   count(1)
		from t_confinfo tc
		LEFT JOIN t_confusers c ON tc.ConfID=c.ConfID
		where  c.UserID=#{userId,jdbcType=INTEGER}
	</select>
	<select id="selectDissolutionList" resultType="com.huawang.pojo.inter.TConfDissolution">
			SELECT ConfID as confId,DisConfTime as disConfTime,Status as status FROM t_disconfrecord WHERE Status = 1
	</select>
	
	<select id="getPerMeetStatistics" resultType="java.util.Map">
		SELECT
		tc.ConfID,
		tc.ConfID as conferenceID,
		tc.ConfName,
		(
			SELECT
				COUNT(UserName)
			FROM
				t_log_conf_detail
			WHERE
				tc.ConfID = ConfID
		) AS tolLogTimes,
		(
			SELECT
				count(ConfID)
			FROM
				t_log_conf
			WHERE
				tc.ConfID = ConfID
		) AS confTimes,
		CAST(concat(
			tc.CurUserCount,
			'/',
			(
				SELECT
					COUNT(DISTINCT UserName)
				FROM
					t_log_conf_detail
				WHERE
					tc.ConfID = ConfID
			)
		)as char) AS curAndmaxUserCount
	FROM
	<choose>
	     <when test='curUserIsSuper=="2"'>
	       t_confinfo tc
	       LEFT JOIN t_userinfo tu on tu.UserID = tc.AdminID
	     </when>
	     <otherwise>
	       t_confinfo tc
	     </otherwise>
     </choose>
	WHERE
		tc.CompID = #{compID,jdbcType=INTEGER}
		<if test='confId !=null and confId!=""'>
			and tc.ConfID=#{confId,jdbcType=INTEGER}
		</if>
		<if test='confName !=null and confName!=""'>
			and tc.ConfName like concat('%',#{confName,jdbcType=VARCHAR},'%')
		</if>
		<if test='curUserIsSuper=="2"'>
			and tu.DpId=#{curUserDpId,jdbcType=INTEGER}
		</if>
	LIMIT #{page.startRow,jdbcType=INTEGER},#{page.pageSize,jdbcType=INTEGER}
	</select>
	
	<select id="getPerMeetStatisticsCount" resultType="int">
		SELECT
		count(1)
	FROM
	<choose>
	     <when test='curUserIsSuper=="2"'>
	       t_confinfo tc
	       LEFT JOIN t_userinfo tu on tu.UserID = tc.AdminID
	     </when>
	     <otherwise>
	       t_confinfo tc
	     </otherwise>
     </choose>
	WHERE
		tc.CompID = #{compID,jdbcType=INTEGER}
		<if test='confId !=null and confId!=""'>
			and tc.ConfID=#{confId,jdbcType=INTEGER}
		</if>
		<if test='confName !=null and confName!=""'>
			and tc.ConfName like concat('%',#{confName,jdbcType=VARCHAR},'%')
		</if>
		<if test='curUserIsSuper=="2"'>
			and tu.DpId=#{curUserDpId,jdbcType=INTEGER}
		</if>
		
	</select>
	
	
	
	
</mapper>





















