<?xml version="1.0" encoding="UTF-8" ?>
<!DOCTYPE log4j:configuration SYSTEM "log4j.dtd">
<log4j:configuration xmlns:log4j="http://jakarta.apache.org/log4j/ ">


<appender name="Console" class="org.apache.log4j.ConsoleAppender">
  <layout class="org.apache.log4j.PatternLayout">
   <param name="ConversionPattern"
    value="%-4r [%t] %-5p %c %x - %m%n" />
  </layout>
  <filter class="org.apache.log4j.varia.LevelRangeFilter">
   <param name="LevelMin" value="DEBUG" />
   <param name="LevelMax" value="DEBUG" />
  </filter>
 </appender>


<logger name="com.ibatis" additivity="true">
  <level value="DEBUG" />
 </logger>
 
 <logger name="java.sql.Connection" additivity="true">
  <level value="DEBUG" />
 </logger>
 
 <logger name="java.sql.Statement" additivity="true">
  <level value="DEBUG" />
 </logger>
 
 <logger name="java.sql.PreparedStatement" additivity="true">
  <level value="DEBUG" />
  <appender-ref ref="IBatis" />
 </logger>
 
 <logger name="java.sql.ResultSet" additivity="true">
  <level value="DEBUG" />
  <appender-ref ref="IBatis" />
 </logger>
 
 
		<!-- 配置日志的根节点 -->
		<root level="all">
			<appender-ref ref="Console" />
			<!-- <appender-ref ref="logFile" /> -->
			<!-- <appender-ref ref="ASYNC" /> -->
			<!-- <appender-ref ref="RollingFileInfo" />
			<appender-ref ref="RollingFileWarn" />
			<appender-ref ref="RollingFileError" /> -->
		</root>

	

</log4j:configuration>