<?xml version="1.0" encoding="UTF-8"?>
<Configuration status="WARN" monitorInterval="30">

	<!-- <Properties>
		配置日志文件输出目录 ${sys:user.home}
		<Property name="LOG_HOME">D:/log4j2/mybatis/genertor/logs/</Property>
		<property name="ERROR_LOG_FILE_NAME">/root/workspace/lucenedemo/logs/error
		</property>
		<property name="WARN_LOG_FILE_NAME">/root/workspace/lucenedemo/logs/warn
		</property>

		<property name="PATTERN">%d{yyyy-MM-dd HH:mm:ss.SSS} [%t-%L] %-5level
			%logger{36} - %msg%n</property>
	</Properties> -->

	<Appenders>
		<!--这个输出控制台的配置 -->
		<Console name="Console" target="SYSTEM_OUT">
			<!-- 控制台只输出level及以上级别的信息(onMatch),其他的直接拒绝(onMismatch) -->
			<ThresholdFilter level="trace" onMatch="ACCEPT"
				onMismatch="DENY" />
			<!-- 输出日志的格式 -->
			<!-- %d{yyyy-MM-dd HH:mm:ss, SSS} : 日志生产时间 %p : 日志输出格式 %c : logger的名称 
				%m : 日志内容，即 logger.info("message") %n : 换行符 %C : Java类名 %L : 日志输出所在行数 %M 
				: 日志输出所在方法名 hostName : 本地机器名 hostAddress : 本地ip地址 -->
			<!-- <PatternLayout pattern="${PATTERN}" /> -->
			<PatternLayout
				pattern="%d{yyyy-MM-dd HH:mm:ss.SSS} [%t] %-5level %logger{36} - %msg%n" />
		</Console>

		<!--文件会打印出所有信息，这个log每次运行程序会自动清空，由append属性决定，这个也挺有用的，适合临时测试用 -->
		<!--append为TRUE表示消息增加到指定文件中，false表示消息覆盖指定的文件内容，默认值是true -->
		<File name="logFile" fileName="C:/logs/operationSystem.log" immediateFlush="true" append="false">
			<PatternLayout
				pattern="%d{yyyy-MM-dd HH:mm:ss.SSS} [%t] %-5level %logger{36} - %msg%n" />
		</File>
		
		<!-- <Async name="ASYNC">
            <AppenderRef ref="logFile"/>
            <AppenderRef ref="Console"/>
        </Async> -->
            
		<!-- 这个会打印出所有的info及以下级别的信息，每次大小超过size， 则这size大小的日志会自动存入按年份-月份建立的文件夹下面并进行压缩，作为存档 -->
		<!--  <RollingFile name="RollingFileInfo"
			fileName="${LOG_HOME}/info.log"
			filePattern="${LOG_HOME}/$${date:yyyy-MM}/info-%d{yyyy-MM-dd}-%i.log">
			控制台只输出level及以上级别的信息（onMatch），其他的直接拒绝（onMismatch）
			<ThresholdFilter level="info" onMatch="ACCEPT"
				onMismatch="DENY" />
			<PatternLayout
				pattern="%d{yyyy-MM-dd HH:mm:ss.SSS} [%t] %-5level %logger{36} - %msg%n" />
			<Policies>
				基于时间的滚动策略，interval属性用来指定多久滚动一次，默认是1 hour。 modulate=true用来调整时间：比如现在是早上3am，interval是4，那么第一次滚动是在4am，接着是8am，12am...而不是7am.
				关键点在于 filePattern后的日期格式，以及TimeBasedTriggeringPolicy的interval， 日期格式精确到哪一位，interval也精确到哪一个单位
				log4j2的按天分日志文件 : info-%d{yyyy-MM-dd}-%i.log
				<TimeBasedTriggeringPolicy interval="1"
					modulate="true" />
				SizeBasedTriggeringPolicy:Policies子节点， 基于指定文件大小的滚动策略，size属性用来定义每个日志文件的大小.
				<SizeBasedTriggeringPolicy size="2 kB" />
			</Policies>
		</RollingFile>

		<RollingFile name="RollingFileWarn"
			fileName="${WARN_LOG_FILE_NAME}/warn.log"
			filePattern="${WARN_LOG_FILE_NAME}/$${date:yyyy-MM}/warn-%d{yyyy-MM-dd}-%i.log">
			<ThresholdFilter level="warn" onMatch="ACCEPT"
				onMismatch="DENY" />
			<PatternLayout
				pattern="%d{yyyy-MM-dd HH:mm:ss.SSS} [%t] %-5level %logger{36} - %msg%n" />
			<Policies>
				<TimeBasedTriggeringPolicy />
				<SizeBasedTriggeringPolicy size="2 kB" />
			</Policies>
			DefaultRolloverStrategy属性如不设置，则默认为最多同一文件夹下7个文件，这里设置了20
			<DefaultRolloverStrategy max="20" />
		</RollingFile>
		
		<RollingFile name="RollingFileError"
			fileName="${ERROR_LOG_FILE_NAME}/error.log"
			filePattern="${ERROR_LOG_FILE_NAME}/$${date:yyyy-MM}/error-%d{yyyy-MM-dd-HH-mm}-%i.log">
			<ThresholdFilter level="error" onMatch="ACCEPT"
				onMismatch="DENY" />
			<PatternLayout
				pattern="%d{yyyy-MM-dd HH:mm:ss.SSS} [%t] %-5level %logger{36} - %msg%n" />
			<Policies>
				log4j2的按分钟 分日志文件 : warn-%d{yyyy-MM-dd-HH-mm}-%i.log
				<TimeBasedTriggeringPolicy interval="1"
					modulate="true" />
				<SizeBasedTriggeringPolicy size="10 MB" />
			</Policies>
		</RollingFile>
  -->
 
 
 
 
 
 
	</Appenders>

	<!--然后定义logger，只有定义了logger并引入的appender，appender才会生效 -->
	<Loggers>
		<!--过滤掉spring和mybatis的一些无用的DEBUG信息 -->
		<logger name="org.springframework" level="INFO"></logger>
		<logger name="org.mybatis" level="INFO"></logger>

		<!-- 第三方日志系统 -->
		<logger name="org.springframework.core" level="info" />
		<logger name="org.springframework.beans" level="info" />
		<logger name="org.springframework.context" level="info" />
		<logger name="org.springframework.web" level="info" />
		<logger name="org.jboss.netty" level="warn" />
		<logger name="org.apache.http" level="warn" />
		
		
		
 <logger name="com.ibatis">
  <level value="debug" />
 </logger>
 
 <logger name="com.ibatis.common.jdbc.SimpleDataSource">
  <level value="debug" />
 </logger>
 
 <logger name="com.ibatis.common.jdbc.ScriptRunner">
  <level value="debug" />
 </logger>
 
 <logger name="com.ibatis.common.jdbc.SqlMapClientDelegate">
  <level value="debug" />
 </logger>
 
 <logger name="java.sql.Connection">
  <level value="debug" />
 </logger>
 
 <logger name="java.sql.Statement">
  <level value="Console" />
 </logger>
 
 <logger name="java.sql.PreparedStatement">
  <level value="Console" />
 </logger>
 
 <logger name="java.sql.ResultSet">
  <level value="debug" />
 </logger>

		<!-- 配置日志的根节点 -->
		<root level="all">
			<appender-ref ref="Console" />
			<appender-ref ref="logFile" />
			<!-- <appender-ref ref="ASYNC" /> -->
			<!-- <appender-ref ref="RollingFileInfo" />
			<appender-ref ref="RollingFileWarn" />
			<appender-ref ref="RollingFileError" /> -->
		</root>

	</Loggers>

</Configuration>