<?xml version="1.0" encoding="UTF-8"?>
<!DOCTYPE mapper PUBLIC "-//mybatis.org//DTD Mapper 3.0//EN" "http://mybatis.org/dtd/mybatis-3-mapper.dtd" >
<mapper namespace="com.huawang.dao.ProdProductionList.ProdProductionListDao">

	<select id="getProductionPlanListCounts" resultType="Integer">
		SELECT COUNT(1) FROM PROD_PRODUCTION_PLAN P, PROD_PRODUCTION_LIST L WHERE P.PLAN_ID = L.PLAN_ID
	</select>
	
	<!-- 查找所有生产工单信息列表 -->
	<select id="getProductionPlanLists" resultType="com.huawang.pojo.productionPlan.ProdProductionListVo">
		SELECT
			l.plan_id,
				case
			when p.plan_type = '0' then
				'自产'
			else
				'外购'
			end as "productionPlanVo.planType",
			 p.create_by as "productionPlanVo.createBy",
			 p.create_date as "productionPlanVo.createDate",
			 p.remarks as "productionPlanVo.remarks",
			 p.planning_cycle as "productionPlanVo.planningCycle",
			 p.start_time as "productionPlanVo.startTime",
			 p.demand_product as "productionPlanVo.demandProduct",
			 p.required_quantity as "productionPlanVo.requiredQuantity",
			 p.amount_completed as "productionPlanVo.amountCompleted",
			 p.retired_quantity as "productionPlanVo.retiredQuantity",
			 case
			when l.p_status = '0' then
				'生产中'
			else
				'已完成'
			end as pStatus
			from
				prod_production_plan p,
				prod_production_list l
			where
				p.plan_id = l.plan_id
				
				<if test="planId!=null">
					and l.plan_id= #{planId,jdbcType=INTEGER}
				</if>
				<if test="createBy!=null">
					and p.create_by= #{createBy,jdbcType=VARCHAR}
				</if>
				<if test="planType!=null">
					and p.plan_type= #{planType,jdbcType=VARCHAR}
				</if>
				<if test="pstatus!=null">
					and l.p_status= #{pstatus,jdbcType=VARCHAR}
				</if>
				<if test="createDateStart!=null">
					and p.create_date &lt;= #{createDateStart,jdbcType=VARCHAR}
				</if>
				<if test="createDateEnd!=null">
					or p.create_date &gt;= #{createDateEnd,jdbcType=VARCHAR}
				</if>
			order by
				p.create_date desc
	</select>

	<insert id="eliminate">
		insert into prod_equipment_scrap_record (
			list_id,
			retired_quantity,
			operator,
			discarded_time,
			discarded_reason
		)
		values(
			#{listId,jdbcType=VARCHAR},
			#{retiredQuantity,jdbcType=VARCHAR},
			#{operator,jdbcType=INTEGER},
			now(),
			#{discardedReason,jdbcType=VARCHAR}
		)
	</insert>
	
	<select id="getProdEquipmentScrapRecordCounts" resultType="Integer">
		select count(*) from prod_equipment_scrap_record where list_id=#{planId,jdbcType=VARCHAR}
	</select>
	
	<select id="queryProdEquipmentScrapRecordList" resultType="com.huawang.pojo.productionPlan.ProdEquipmentScrapRecordVo">
		SELECT
			record_id as recordId,
			retired_quantity as retiredQuantity,
			operator as operator,
			discarded_time as discardedTime,
			discarded_reason as discardedReason
		FROM
			prod_equipment_scrap_record
		WHERE
			list_id	=#{planId,jdbcType=VARCHAR}	
	
	</select>
	
	
</mapper>