<?xml version="1.0" encoding="UTF-8"?>
<!DOCTYPE mapper PUBLIC "-//mybatis.org//DTD Mapper 3.0//EN" "http://mybatis.org/dtd/mybatis-3-mapper.dtd" >
<mapper namespace="com.huawang.dao.api.appDao">
  
	<select id="verificatUserPhone" resultType="com.huawang.pojo.inter.TUser"> 
    	  SELECT displayName,userPhone FROM t_user_request WHERE userPhone = #{mobile,jdbcType=VARCHAR}  
	</select>
	 <insert id="addPhoneCode">
	 		INSERT INTO t_phone_validate(phoneNO,validateCode,codeType,createTime)values(#{mobile,jdbcType=VARCHAR},#{code,jdbcType=VARCHAR},#{templateid,jdbcType=VARCHAR},now());
	 </insert>
		
	 <select id="validatePhoneToCode" resultType="boolean">
			SELECT count(1) FROM t_phone_validate WHERE phoneNO = #{telePhone,jdbcType=VARCHAR} AND validateCode = #{code,jdbcType=VARCHAR} AND codeType =#{codeType,jdbcType =VARCHAR}
	 </select>
	 <insert id="register" parameterType="com.huawang.pojo.inter.TUser">
	 		INSERT INTO t_user_request(displayName,userPassWord,userPhone,userStatus,applyTime,CompID)
		 		values(
		 			#{tUser.displayName,jdbcType=VARCHAR},
					#{tUser.userPassword,jdbcType=VARCHAR},
		 			#{tUser.userPhone,jdbcType=VARCHAR},
					#{tUser.userStatus,jdbcType=INTEGER},
		 			NOW(),
		 			#{tUser.compId,jdbcType=INTEGER}
		 		)
	 </insert>	
	 <select id="selectUserPhone"  resultType="Integer">
	 		SELECT count(1) FROM t_userinfo WHERE  Telephone = #{telePhone,jdbcType=VARCHAR}
	 </select>
	 <update id="retrievePassword">
			UPDATE t_userinfo SET UserPassword = #{userPassword,jdbcType=VARCHAR} WHERE Telephone = #{telePhone,jdbcType=VARCHAR}
	 </update>
	 <select id="selectUserStatus" resultType="String">
	 		SELECT UserStatus FROM t_user_request WHERE userPhone=#{telePhone,jdbcType=VARCHAR}
	 </select>
	 <select id="selectNewUserStatus" resultType="String">
	 		SELECT UserStatus FROM t_user_request WHERE userID =#{uid,jdbcType=VARCHAR}
	 </select>
	 <update id="updateUserPassword">
			UPDATE t_user_request SET UserPassword =#{userPassword,jdbcType=VARCHAR} WHERE userPhone =#{telePhone,jdbcType=VARCHAR}
	 </update>
	
	<select id="userLogin"  parameterType="com.huawang.pojo.inter.TUser" resultType="String" >
			SELECT userId FROM t_userinfo WHERE
			 <if test='tUser.type == "1"'>
				 UserName = #{tUser.userName,jdbcType =VARCHAR}
			 </if>
			 <if test='tUser.type == "2"' >
			 	Telephone =#{tUser.userPhone,jdbcType =VARCHAR}
			 </if>
			 AND UserPassword = #{tUser.userPassword,jdbcType =VARCHAR}
	</select>
	<insert id="addTokenToUserId">
		 INSERT INTO t_user_token(UserID,token,updateTime,tokenType)VALUES(#{tUser.userId,jdbcType=INTEGER},#{tUser.token,jdbcType=VARCHAR},NOW(),#{tUser.userStatus,jdbcType=INTEGER})
	</insert> 
	<select id="selectUserTokenType" resultType="String">
 			 SELECT tokenType from t_user_token WHERE userId =#{tUser.userId,jdbcType=INTEGER}
	</select>
	
	<select id="newUserLogin" parameterType="com.huawang.pojo.inter.TUser" resultType="String" >
		SELECT userId FROM t_user_request WHERE userPhone = #{tUser.userPhone,jdbcType =VARCHAR} AND userPassword = #{tUser.userPassword,jdbcType =VARCHAR}
	</select>
	<select id="selectUserCount" parameterType="com.huawang.pojo.inter.TUser" resultType="Integer" >
		SELECT count(1) FROM t_user_token WHERE userId = #{tUser.userId}  
	</select>
	<select id="selectUserId" parameterType="com.huawang.pojo.inter.TUser" resultType="Integer" >
		SELECT userId FROM t_userInfo WHERE userName = #{tUser.userName}  
	</select>
	<update id="updateUserToken" >
		UPDATE t_user_token SET userId =#{tUser.userId,jdbcType=INTEGER} ,token =#{tUser.token,jdbcType=VARCHAR} ,updateTime = now(),tokenType =#{tUser.tokenType,jdbcType=VARCHAR}  WHERE userId = #{tUser.userId,jdbcType=INTEGER}
	</update>
	<update id="updateTokenToUserId" >
		UPDATE t_user_token SET userId =#{tUser.userId,jdbcType=INTEGER},tokenType=1  WHERE token =#{tUser.token,jdbcType=VARCHAR}
	</update>
	<select id="selectAppDomain" resultType="String">
		SELECT op_bak1 FROM t_option WHERE op_param ='appDomain'
	</select>
	<select id="selectUserInfo" resultType="com.huawang.pojo.inter.TUser" >
		SELECT  u.UserID,
				u.UserName,
				u.DisplayName,
				u.Telephone,
				u.UserPassword,
				u.DpId,(SELECT HeadImagePath FROM t_compinfo WHERE  compID =u.CompID) AS HeadImagePath,
				u.CompID,(SELECT taxNumber FROM t_compinfo t WHERE t.CompID = u.CompID)AS taxNumber,
				(SELECT CompTrueName FROM t_compinfo t WHERE t.CompID = u.CompID)AS CompTrueName,
				(SELECT DpName FROM t_department t WHERE t.dpId =u.DpId) AS DpName,u.IsSuper,
				(SELECT r.userStatus FROM t_user_request r WHERE r.userPhone = u.telePhone)AS userStatus,
				u.logo 
				FROM t_userinfo u 
			WHERE 
		UserID = (SELECT userId FROM t_user_token WHERE userId = #{uid,jdbcType=VARCHAR} AND token = #{token,jdbcType =VARCHAR}) 
	</select>
	<select id="validateUserPassword" resultType="com.huawang.pojo.inter.TUser">
		 SELECT u.UserName,
						u.DisplayName,
						u.Telephone,
						u.UserPassword,
						u.DpId,u.logo 
						FROM t_userinfo u 
					WHERE 
				UserID =#{uid,jdbcType=VARCHAR}
	</select>
	<update id="bindUserPhone">
		UPDATE t_userinfo SET UserPassword = #{userPassword,jdbcType=VARCHAR} WHERE UserID =  #{uid,jdbcType=VARCHAR}
	</update>
	<select id="selectCertToCustomer" resultType="Integer">
		SELECT compId FROM t_comp_certification_info WHERE CompID =(SELECT u.CompID FROM t_userinfo u WHERE 
 			u.UserID=(SELECT userId FROM t_user_token WHERE userId = #{uid,jdbcType=INTEGER} AND token = #{token,jdbcType =VARCHAR }))
	</select>
	<update id="updateUserHeadImage">
			UPDATE t_userInfo SET logo= #{tUser.headImagePath,jdbcType =VARCHAR }  WHERE userId = #{tUser.userId,jdbcType=INTEGER}
	</update>
	<update id="updateNewUserHeadImage">
			UPDATE t_user_request SET logo= #{tUser.headImagePath,jdbcType =VARCHAR }  WHERE userId = #{tUser.userId,jdbcType=INTEGER}
	</update>
	<update id="updateCustomCompHead">
		UPDATE t_compinfo SET HeadImagePath = #{headImagePath,jdbcType =VARCHAR } WHERE CompID = #{compId,jdbcType=INTEGER}
	</update>
	<update id="updateCustomerLicense">
			UPDATE t_comp_certification_info SET businessLicense= #{tUser.business,jdbcType =VARCHAR },authStatus =0 WHERE compId = #{tUser.compId,jdbcType=INTEGER}
	</update>
	<insert id="addCertCustomerInfo">
		INSERT INTO t_comp_certification_info(compId,businessLicense,invoiceTitle)values(#{tUser.compId,jdbcType=INTEGER},#{tUser.business,jdbcType =VARCHAR },#{tUser.invoiceTitle,jdbcType =VARCHAR })
	</insert>
	<select id="validateMessage" resultType="String">
		 SELECT createtime FROM t_phone_validate WHERE phoneNO= #{telePhone,jdbcType =VARCHAR} ORDER BY pvId DESC LIMIT 1
	</select>
	<select id="selectUserTime" resultType="String">
			SELECT updateTime FROM t_user_token WHERE userId = #{uid,jdbcType=VARCHAR} AND token = #{token,jdbcType =VARCHAR}
	</select>
	
	<update id="updateUserInfo" >
		UPDATE t_userinfo SET 
			createtime =now()
			<if test='tUser.displayName!=null and tUser.displayName!=""'>
				,DisplayName =#{tUser.displayName,jdbcType=VARCHAR}
			</if>
			<if test='tUser.userPassword!=null and tUser.userPassword!=""'>
				,UserPassword = #{tUser.userPassword,jdbcType=VARCHAR}
			</if>
			<if test='tUser.isSuper!=null and tUser.isSuper!=""'>
				,IsSuper =#{tUser.isSuper,jdbcType=INTEGER} 
			</if>
				WHERE UserID = #{tUser.userId,jdbcType=INTEGER}
	</update>
	<update id="updateNewDisplayName">
		UPDATE t_user_request SET displayName =#{displayName,jdbcType=VARCHAR} WHERE userId = #{uid,jdbcType=INTEGER}
	</update>
	<select id="selectUserNameRepeat" parameterType="com.huawang.pojo.inter.TUser" resultType="Integer" >
			SELECT count(1) FROM t_userinfo u 
					WHERE  UserID  &lt;&gt; (SELECT userId FROM t_user_token WHERE userId = #{tUser.userId,jdbcType=INTEGER} 
					AND token = #{tUser.token,jdbcType =VARCHAR}) 
					AND DisplayName = #{tUser.displayName,jdbcType =VARCHAR} AND CompID =#{tUser.compId,jdbcType=INTEGER}  
	</select>
	<delete id="delUser">
			DELETE FROM t_userinfo where UserID = #{userIds,jdbcType=INTEGER}
	</delete>
	<select id="selectNewUserInfo" resultType="com.huawang.pojo.inter.TUser" >
		SELECT UserID,displayName,UserPassword,userPhone,userStatus,logo,CompID as compId FROM t_user_request WHERE UserID = #{uid,jdbcType=INTEGER}
	</select>
	<insert id="addCustomer" parameterType="com.huawang.pojo.inter.TUser" >
		INSERT INTO t_compinfo
			(CompName,CompTrueName,compPassword,Lianxr,Lianxrtel,compStatus,registerTime,
			compStyle,belongAgent,AdminID
			)VALUES(#{tUser.userName,jdbcType =VARCHAR },
			#{tUser.compTrueName,jdbcType =VARCHAR},
			#{tUser.userPassword,jdbcType =VARCHAR},
			#{tUser.displayName,jdbcType=VARCHAR},
			#{tUser.userPhone,jdbcType=VARCHAR},
			8,now(),2,
			#{tUser.belongAgent,jdbcType=VARCHAR},1)
	</insert> 
	<select id="selectCustomerCount" resultType="String">
			SELECT CompID FROM t_compinfo WHERE CompName = #{compName,jdbcType =VARCHAR }
	</select>
	<insert id="addUser" parameterType="com.huawang.pojo.inter.TUser">
		INSERT INTO t_userinfo(UserName,UserPassword,DisplayName,Telephone,CompID,DpId,IsSuper,createtime)VALUES
		(
			#{tUser.userName,jdbcType =VARCHAR },
			#{tUser.userPassword,jdbcType =VARCHAR},
			#{tUser.displayName,jdbcType=VARCHAR},
			#{tUser.userPhone,jdbcType=VARCHAR},
			#{tUser.compId,jdbcType=INTEGER},
			1,1,NOW()
		)
	</insert>
	<select id="selectUserToOragn" resultType="com.huawang.pojo.inter.TUser">
			SELECT u.userPhone,u.userPassword,u.CompID,u.userStatus FROM t_user_request u
				WHERE  UserID = (SELECT userId FROM t_user_token WHERE userId = #{tUser.userId,jdbcType=INTEGER} AND token = #{tUser.token,jdbcType =VARCHAR }) 
	</select>	
	<select id="selectCompIdCount" resultType="Integer">
		SELECT count(1) FROM t_compinfo WHERE CompID = #{compId,jdbcType =INTEGER}
	</select>
	<insert id="joinOrgan" >
		INSERT INTO t_userinfo(CompID,UserName,TelePhone,UserPassword,DpId)
		values(
			#{tUser.compId,jdbcType =VARCHAR},
			#{tUser.userName,jdbcType =VARCHAR },
			#{tUser.userName,jdbcType =VARCHAR },
			#{tUser.userPassword,jdbcType =VARCHAR},1
		)
	</insert>
	<select id="selectCustomById"  resultType="com.huawang.pojo.inter.TCompinfoVo">
		SELECT t.CompID,t.compName,t.CompTrueName,t.Lianxr,t.Lianxrtel,t.HeadImagePath,t.address,t.taxNumber,t.Email AS mail,
			t.sellType,t.maxUserCount
			 FROM t_compinfo t
			WHERE 
			t.CompID = #{compId,jdbcType=INTEGER}
	</select>
	<select id="selectCustomInfo" resultType="com.huawang.pojo.inter.TCompinfoVo">
			SELECT 
				(SELECT count(*) FROM t_userinfo WHERE CompID = (SELECT u.CompID FROM t_userinfo u WHERE 
 			u.UserID=(SELECT userId FROM t_user_token WHERE  userId = #{tUser.userId,jdbcType=INTEGER} AND token = #{tUser.token,jdbcType =VARCHAR })))AS personSum,
			t.CompID,t.compName,t.CompTrueName,t.Lianxr,t.Lianxrtel,t.HeadImagePath,t.address,t.taxNumber,t.Email AS mail,
			(SELECT  invoiceTitle FROM t_comp_certification_info i WHERE i.CompID = (SELECT u.CompID FROM t_userinfo u WHERE 
 			u.UserID=(SELECT userId FROM t_user_token WHERE userId = #{tUser.userId,jdbcType=INTEGER} AND token = #{tUser.token,jdbcType =VARCHAR }))) AS invoiceTitle,
		  	(SELECT c.businessLicense FROM t_comp_certification_info c WHERE c.CompID = t.CompID)AS businessLicense,
		  	(SELECT c.authStatus FROM t_comp_certification_info c WHERE c.CompID = t.CompID)AS authStatus,
			t.sellType,t.maxUserCount
			 FROM t_compinfo t
			WHERE 
			t.CompID =(SELECT u.CompID FROM t_userinfo u WHERE 
 			u.UserID=(SELECT userId FROM t_user_token WHERE userId = #{tUser.userId,jdbcType=INTEGER} AND token = #{tUser.token,jdbcType =VARCHAR }))
	</select>
	<select id="selectCustomInfoByNewUser" resultType="com.huawang.pojo.inter.TCompinfoVo">
		SELECT t.CompID,t.compName,t.CompTrueName,t.Lianxr,t.Lianxrtel,t.HeadImagePath,t.address,t.taxNumber,t.Email AS mail,
		    (SELECT c.businessLicense FROM t_comp_certification_info c WHERE c.CompID = t.CompID)AS businessLicense,
		  	(SELECT c.authStatus FROM t_comp_certification_info c WHERE c.CompID = t.CompID)AS authStatus,
			t.sellType,t.maxUserCount
			 FROM t_compinfo t
			WHERE 
			t.CompID =(SELECT u.CompID FROM t_user_request u WHERE 
 			u.UserID=#{tUser.userId,jdbcType=INTEGER} )
	</select>
	
	<select id="selectIsSuperInfo" resultType="com.huawang.pojo.inter.TUser">
		SELECT userID,DisplayName,CompID,Telephone,logo AS headImagePath FROM t_userinfo WHERE isSuper =2 AND CompID =(SELECT u.CompID FROM t_userinfo u WHERE 
 			u.UserID=(SELECT userId FROM t_user_token WHERE userId = #{tUser.userId,jdbcType=INTEGER} AND token = #{tUser.token,jdbcType =VARCHAR }))
	</select>
	<update id="removeIsSuper">
		UPDATE t_userinfo SET 
		isSuper =#{isSuper,jdbcType=VARCHAR}
		<if test='dpId!=null and dpId!=""'>
				,DpId =#{dpId,jdbcType =INTEGER} 
		</if>	
		WHERE 
		userId = #{userIds,jdbcType=VARCHAR}
	</update>
	<select id="selectUserIsSuper" resultType ="Integer">
			SELECT count(1) FROM t_userinfo WHERE userId =(SELECT userId FROM t_user_token WHERE userId = #{tUser.userId,jdbcType=INTEGER} AND token = #{tUser.token,jdbcType =VARCHAR })
			and isSuper =1
	</select>
	<select id="selectUserIsManager" resultType ="String">
			SELECT IsSuper FROM t_userinfo WHERE userId =(SELECT userId FROM t_user_token WHERE userId = #{tUser.userId,jdbcType=INTEGER}   AND token = #{tUser.token,jdbcType =VARCHAR })
	</select>
	<update id="editCustomer">
		UPDATE t_compinfo t,t_comp_certification_info tc SET 
			remark =""
			<if test='tUser.compTrueName!=null and tUser.compTrueName!=""'>
				,t.CompTrueName =#{tUser.compTrueName,jdbcType =VARCHAR} 
			</if>	
			<if test='tUser.userPhone!=null'>
				,t.Lianxrtel =#{tUser.userPhone,jdbcType =VARCHAR}
			</if>	
			<if test='tUser.displayName!=null'>
				,t.Lianxr =#{tUser.displayName,jdbcType =VARCHAR}
			</if>	
			<if test='tUser.address!=null'>
				,t.address = #{tUser.address,jdbcType =VARCHAR}
			</if>
			<if test='tUser.taxNumber!=null'>
				,t.taxNumber = #{tUser.taxNumber,jdbcType =VARCHAR}
			</if>
			<if test='tUser.headImagePath!=null'>
				,t.HeadImagePath =#{tUser.headImagePath,jdbcType =VARCHAR}
			</if>	
			<if test='tUser.userMail!=null'>
				,t.Email =#{tUser.userMail,jdbcType =VARCHAR}
			</if>
			<if test='tUser.invoiceTitle!=null'>
				,tc.invoiceTitle =#{tUser.invoiceTitle,jdbcType =VARCHAR}
			</if>	
 			WHERE t.CompID =tc.CompID AND t.CompID =(SELECT u.CompID FROM t_userinfo u WHERE 
 			u.UserID=(SELECT userId FROM t_user_token WHERE userId = #{tUser.userId,jdbcType=INTEGER} AND token = #{tUser.token,jdbcType =VARCHAR }))
	</update>
	<select id="selectNewUserList" resultType="com.huawang.pojo.inter.TUser">
		SELECT userId,displayName,userPhone,userStatus,logo FROM t_user_request where CompID =
		(SELECT u.CompID FROM t_userinfo u WHERE u.UserID =(SELECT userId FROM t_user_token WHERE userId = #{tUser.userId,jdbcType=INTEGER} AND token = #{tUser.token,jdbcType =VARCHAR }))
		 and userStatus &lt;&gt; 2  
	</select>
	
	<select id="selectExamineUser" resultType="com.huawang.pojo.inter.TUser"  parameterType="java.util.List">
		SELECT userId,displayName,userPassword,userPhone,userStatus FROM t_user_request WHERE userId in
			
			<foreach item="item" index="index" collection="tUser.userIds" open="(" separator="," close=")">
				#{item}
      		</foreach>	
	</select>
	<insert id="addUserToUserInfo">
			INSERT INTO t_userinfo(
					 UserName
					,UserPassword
					,DisplayName
					,TelePhone
					,dpId
					,CompID
					,createTime
					)values
					(
						#{tUser.userName,jdbcType =VARCHAR}
					   ,#{tUser.userPassword,jdbcType =VARCHAR}
					   ,#{tUser.displayName,jdbcType =VARCHAR}
					   ,#{tUser.userPhone,jdbcType =VARCHAR}
					   <if test='tUser.dpId!=null and tUser.dpId!=""'>
					   ,#{tUser.dpId,jdbcType =INTEGER}
					   </if>
					   ,#{tUser.compId,jdbcType =INTEGER}
					   ,now()
					)
	</insert>
	
	<update id="updateTokenStatus">
		UPDATE t_user_token SET tokenType= #{tokenType,jdbcType=INTEGER} WHERE userId =#{userId,jdbcType=INTEGER}
	</update>
	<update id="updateNewUserStatus" >
		UPDATE t_user_request SET userStatus = #{userStatus,jdbcType =INTEGER} ,CompID =#{compId,jdbcType =INTEGER} WHERE userId in (#{userId})
	</update>
	<update id="updateUserStatus">
		UPDATE t_user_request SET userStatus = #{tUser.userStatus,jdbcType =INTEGER},compId = #{tUser.compId,jdbcType =INTEGER}  WHERE userId in (#{tUser.userId,jdbcType =INTEGER})
	</update>
	<select id="selectCustomerDeptMent" resultType="com.huawang.pojo.inter.TDepatMentVo">
		SELECT DpId,DpName,ParentDpId,CompID FROM t_department WHERE CompID = (SELECT u.CompID FROM t_userinfo u WHERE 
 			u.UserID=(SELECT userId FROM t_user_token WHERE userId = #{tUser.userId,jdbcType=INTEGER} AND token = #{tUser.token,jdbcType =VARCHAR }))
	</select>
	<select id="selectCustomerDeptMentCount" resultType="Integer">
		SELECT count(*) FROM t_userinfo WHERE CompID = (SELECT u.CompID FROM t_userinfo u WHERE 
 			u.UserID=(SELECT userId FROM t_user_token WHERE userId = #{tUser.userId,jdbcType=INTEGER} AND token = #{tUser.token,jdbcType =VARCHAR }))
	</select>
	<select id="selectParentDeptToDept" resultType="com.huawang.pojo.inter.TDepatMentVo">
	 	SELECT d.DpId,d.DpName,d.CompID,(SELECT count(*) FROM t_userinfo u WHERE u.DpId =d.DpId) AS personCount FROM t_department d WHERE
 			<if test='depatMentVo.parentDpId!=null and depatMentVo.parentDpId!=""'>
	 			d.ParentDpId = #{depatMentVo.parentDpId,jdbcType=INTEGER} AND 
 			</if>
 			d.CompID =#{depatMentVo.compId,jdbcType=INTEGER}
	</select>
	<select id="selectDeptToUser" resultType="com.huawang.pojo.inter.TUser">
		SELECT userID,userName,DisplayName,telePhone,isSuper,logo AS headImagePath from t_userinfo WHERE 
				CompID = #{depatMentVo.compId,jdbcType=INTEGER} 
			<if test='depatMentVo.dpId!=null and depatMentVo.dpId!=""'>
				AND dpId = #{depatMentVo.dpId,jdbcType=INTEGER}
			</if>
			<if test="depatMentVo.dpName!=null and depatMentVo.dpName!=''"> 
				AND (userName like CONCAT('%',#{depatMentVo.dpName},'%') OR telePhone  like CONCAT('%',#{depatMentVo.dpName},'%'))
			 </if>
	</select> 
	<insert id="addDeptMent" >
		INSERT INTO t_department(Codeno,DpName,ParentDpId,CompId,AdminId)values
		(0,#{depatMentVo.dpName,jdbcType =VARCHAR },#{depatMentVo.parentDpId,jdbcType =VARCHAR },#{depatMentVo.compId,jdbcType =VARCHAR },#{depatMentVo.compId,jdbcType =VARCHAR })
	</insert>
	<select id="selectCompId" resultType="Integer">
		SELECT CompID FROM t_compinfo WHERE  CompID =(SELECT u.CompID FROM t_userinfo u WHERE 
 			u.UserID=(SELECT userId FROM t_user_token WHERE userId = #{tUser.userId,jdbcType=INTEGER} AND token = #{tUser.token,jdbcType =VARCHAR }))
	</select> 
	<update id="editDeptMent">
		UPDATE t_department SET Description = #{depatMentVo.description,jdbcType =VARCHAR}
				
			<if test='depatMentVo.dpName!=null and depatMentVo.dpName!=""'>
				,DpName = #{depatMentVo.dpName,jdbcType =VARCHAR}
			</if>
			<if test='depatMentVo.parentDpId!=null and depatMentVo.parentDpId!=""'>
				,ParentDpId = #{depatMentVo.parentDpId,jdbcType=INTEGER} 
			</if>
				WHERE DpId = #{depatMentVo.dpId,jdbcType=INTEGER} 
	</update>
	<delete id="delDeptMent">
		DELETE FROM t_department WHERE DpId = #{tUser.dpId,jdbcType=VARCHAR}  AND compId = (SELECT u.CompID FROM t_userinfo u WHERE 
 			u.UserID=(SELECT userId FROM t_user_token WHERE userId = #{tUser.userId,jdbcType=INTEGER} AND token = #{tUser.token,jdbcType =VARCHAR }))
	</delete>
	<select id="selectParentMent" parameterType="com.huawang.pojo.inter.TDepatMentVo" resultType="Integer">
			SELECT count(1) FROM t_department WHERE ParentDpId = #{depatMentVo.dpId,jdbcType=INTEGER}
	</select>
	<select id="selectDeptMent" parameterType="com.huawang.pojo.inter.TDepatMentVo" resultType="Integer">
			SELECT count(1) FROM t_userinfo WHERE dpId =#{depatMentVo.dpId,jdbcType=INTEGER}
	</select>
	<update id="signOutOragan">
		UPDATE t_userinfo SET Telephone =null WHERE UserID = (SELECT userId FROM t_user_token WHERE userId = #{tUser.userId,jdbcType=INTEGER} AND token = #{tUser.token,jdbcType =VARCHAR })
	</update>
	<update id="exchangeUserDpId">
		UPDATE t_userinfo SET DpId =#{dpId,jdbcType =INTEGER} WHERE UserID = #{userId,jdbcType =INTEGER}
	</update>
	
	<select id="selectPhoneToCustom" parameterType="com.huawang.pojo.inter.TUser"  resultType="Integer">
			SELECT count(1) FROM t_userinfo WHERE Telephone  = #{tUser.userPhone,jdbcType=VARCHAR }
	</select>
	<insert id="addPhoneToCustom" >
			INSERT INTO t_userinfo(UserName,UserPassword,TelePhone,compId,DpId,DisplayName)values
			(
				 #{tUser.userName,jdbcType=VARCHAR }
				,#{tUser.userPassword,jdbcType=VARCHAR }
				,#{tUser.userPhone,jdbcType=VARCHAR }
				,#{tUser.compId,jdbcType=INTEGER }
				,#{tUser.dpId,jdbcType=INTEGER }
				,#{tUser.displayName,jdbcType=VARCHAR }
			)
	</insert>
	<sql id="selectMeeting">
		select  t1.ConfID AS confId,
				t1.confName AS confName,
				t1.IsReservedConf AS isReservedConf,
				t1.IsPublic AS isPublic,
				t1.IsOnOff  AS isOnOff,
				t1.MaxUserCount  AS maxUserCount,
			    t1.StartTime AS startTime,
			    t1.EndTime AS endTime,
			    t1.ConfDesc AS confDesc 
			    from t_confinfo t1  
						LEFT JOIN t_compinfo t2 ON t1.CompID =t2.CompID 
						LEFT JOIN t_confusers t3 ON t1.ConfID = t3.ConfID  
				WHERE 1 = 1  
	</sql>
	
	<select id="selectConfinfoSuperList" parameterType="com.huawang.pojo.inter.TUser" resultType="com.huawang.pojo.inter.TConfinfoVo">
				<include refid="selectMeeting"></include>
				and t1.CompID= (SELECT u.CompID FROM t_userinfo u WHERE  u.UserID=#{tUser.userId,jdbcType =INTEGER }) 
	</select>
	<select id="selectConfinfoList" parameterType="com.huawang.pojo.inter.TUser" resultType="com.huawang.pojo.inter.TConfinfoVo">
				<include refid="selectMeeting"></include>
				and t1.CompID= (SELECT u.CompID FROM t_userinfo u WHERE  u.UserID=#{tUser.userId,jdbcType =INTEGER }) 
				and t3.UserID =#{tUser.userId,jdbcType =INTEGER }
	</select>
	 <select id="selectSonDeptToParent"    resultType="com.huawang.pojo.inter.TUser">
			SELECT DpId FROM t_department WHERE ParentDpId = #{tUser.dpId,jdbcType =INTEGER}
	 </select>
	<select id="selectDeptUser" resultType="com.huawang.pojo.inter.TUser">
			SELECT UserID FROM t_userinfo WHERE DpId in(#{userIds})
	</select>
	
	<insert id="distributAttendMeetUser">
			INSERT INTO t_confusers(ConfID,UserID,UserRight
			)
			values
			(
			#{confId,jdbcType =INTEGER},
			#{userId,jdbcType =INTEGER},
			#{userRight,jdbcType=VARCHAR }
			)
	</insert>
	
	<delete id="delAttendMeetUser">
		delete from t_confusers where ConfID =#{confId,jdbcType =INTEGER} and UserID = #{userId,jdbcType =INTEGER}
	</delete>
	<select id="selectAttendList" resultType="com.huawang.pojo.inter.TUser">
		SELECT s.UserRight AS userRight,u.userId,u.userName,u.displayName,u.logo FROM t_confusers s 
		 LEFT JOIN t_userinfo u  ON u.UserId =s.UserID WHERE s.confId = #{confId,jdbcType=INTEGER } 
		  AND u.UserName is NOT NULL
	</select>
	<select id="selectMeetingDetail" resultType="com.huawang.pojo.inter.TConfinfoVo">
		select * from t_confinfo where confId =#{confId,jdbcType =INTEGER}
	</select>
	<select id="selectMeetingIsReName" resultType="Integer">
		SELECT count(1) from t_confinfo where ConfName = #{tConfinfo.confName,jdbcType=VARCHAR} and ConfID &lt;&gt; #{tConfinfo.confId,jdbcType=VARCHAR}
	</select>
	

</mapper>















