<?xml version="1.0" encoding="UTF-8"?>
<!DOCTYPE mapper PUBLIC "-//mybatis.org//DTD Mapper 3.0//EN" "http://mybatis.org/dtd/mybatis-3-mapper.dtd" >

<mapper namespace="com.huawang.dao.mobile.mobileDao">
  
    <select id="selectMeetingInfo" resultType="com.huawang.pojo.meetingRoom.TConfinfo">
  		SELECT t.ConfID,t.ConfName,t.ConfPwd AS confPwd,t.StartTime,t.EndTime AS endTime,(SELECT CompTrueName FROM t_compinfo t1 WHERE t1.CompID =t.CompID)AS compTrueName,t.IsReservedConf AS isReservedConf,t.IsPublic AS isPublic 
  			FROM t_confinfo t WHERE t.confId = #{confId,jdbcType=INTEGER}
    </select>
    <select id="selectUserDisplayNameToUserId" resultType="String">
			SELECT DisplayName FROM t_userinfo WHERE UserID =#{userId,jdbcType=INTEGER}
    </select>

	<select id="selectCompInfo" resultType="com.huawang.pojo.inter.TCompinfoVo">
		SELECT CompTrueName AS compTrueName FROM t_compinfo WHERE compId = (SELECT CompID FROM t_userinfo WHERE Telephone = #{telePhone,jdbcType =VARCHAR})
	</select>
	 <update id="signOutOrgan">
			UPDATE t_userinfo SET Telephone =null WHERE Telephone = #{telePhone,jdbcType =VARCHAR}
	 </update>
	 <select id="selectOrganInfoByUserId" resultType="com.huawang.pojo.inter.TUser">
		SELECT t.displayName,(SELECT compTrueName FROM t_compinfo c WHERE c.compId =t.compId) AS compTrueName,(SELECT compId FROM t_compinfo c WHERE c.compId =t.compId) AS compId FROM t_userinfo t WHERE t.UserID =#{userId,jdbcType=INTEGER}
	 </select>

</mapper>















