<?xml version="1.0" encoding="UTF-8"?>
<!DOCTYPE mapper PUBLIC "-//mybatis.org//DTD Mapper 3.0//EN" "http://mybatis.org/dtd/mybatis-3-mapper.dtd" >
<mapper namespace="com.huawang.dao.productPlan.ProductPlanDao">

	<!-- 查找所有生产计划列表 -->
	<select id="productionPlanList" resultType="com.huawang.pojo.productionPlan.ProductionPlanVo">
		SELECT P.PLAN_ID AS PLANID,
			CASE
		WHEN P.`STATUS` = '0' THEN
			'审核中'
		WHEN P.`STATUS` = '1' THEN
			'已完成'
		WHEN P.`STATUS` = '2' THEN
			'实施中'
		WHEN P.`STATUS` = '3' THEN
			'已终止'
		WHEN P.`STATUS` = '4' THEN
			'被驳回'
		ELSE
			''
		END AS STATUS,
		CASE
		WHEN P.PLAN_TYPE  = '0' THEN
			'自产'
		ELSE
			'外购'	
		END	AS PLANTYPE,
		 P.PLANNING_CYCLE AS PLANNINGCYCLE,
		 P.START_TIME AS STARTTIME,
		 P.END_TIME AS ENDTIME,
		 P.DEMAND_PRODUCT AS DEMANDPRODUCT,
		 P.REQUIRED_QUANTITY AS REQUIREDQUANTITY,
		 P.AMOUNT_COMPLETED AS AMOUNTCOMPLETED,
		 P.RETIRED_QUANTITY AS RETIREDQUANTITY,
		 P.CREATE_BY AS CREATEBY,
		 P.CREATE_DATE AS CREATEDATE,
		 P.UPDATE_BY AS UPDATEBY,
		 P.UPDATE_DATE AS UPDATEDATE,
		 P.REMARKS AS REMARKS,
		 P.ATTACHMENTS AS ATTACHMENTS
		FROM
			PROD_PRODUCTION_PLAN P
		WHERE 1=1
		
		<if test="planVo.planId!=null">
			AND P.PLAN_ID= #{planVo.planId,jdbcType=INTEGER}
		</if>
		
		<if test="planVo.demandProduct!=null">
			and P.DEMAND_PRODUCT= #{planVo.demandProduct,jdbcType=VARCHAR}
		</if>
		
		<if test="planVo.createBy!=null">
			and P.CREATE_BY LIKE "%||" #{planVo.createBy,jdbcType=VARCHAR} "||%"
		</if>
		
		<if test="planVo.planType!=null">
			and P.PLAN_TYPE= #{planVo.planType,jdbcType=VARCHAR}
		</if>
		
		<if test="planVo.status!=null">
			and P.STATUS= #{planVo.status,jdbcType=VARCHAR}
		</if>
		
		<if test="planVo.createDate!=null">
			and P.CREATE_DATE= #{planVo.createDate,jdbcType=VARCHAR}
		</if>
		ORDER BY
			P.CREATE_DATE DESC
	</select>

	<!-- 查找所有部门信息总数 -->
	<select id="counts" resultType="Integer">
		SELECT COUNT(1) FROM
		PROD_PRODUCTION_PLAN T
	</select>
	
	<!-- 查询序列值 -->
	<select id="getSeq_planId" resultType="String">
		SELECT NEXTVAL("SEQ_PRODUCTPLANID") AS SEQPLANID
	</select>
	
	<insert id="insertProductionPlanData" >
		INSERT INTO PROD_PRODUCTION_PLAN (
			PLAN_ID,
			STATUS,
			PLAN_TYPE,
			DEMAND_PRODUCT,
			PLANNING_CYCLE,
			START_TIME,
			REQUIRED_QUANTITY,
			REMARKS,
			ATTACHMENTS,
			CREATE_BY,
			CREATE_DATE
		)
		VALUES(
			 #{planVo.planId,jdbcType=INTEGER},
			 #{planVo.status,jdbcType=VARCHAR},
			 #{planVo.planType,jdbcType=VARCHAR},
			 #{planVo.demandProduct,jdbcType=VARCHAR},
			 #{planVo.planningCycle,jdbcType=VARCHAR},
			 #{planVo.startTime,jdbcType=VARCHAR},
			 #{planVo.requiredQuantity,jdbcType=VARCHAR},
			 #{planVo.remarks,jdbcType=VARCHAR},
			 #{planVo.attachments,jdbcType=VARCHAR},
			 '1111111',
			 NOW()
			)
			
	</insert>
	
	<insert id="insertBizRecordData" >
		INSERT INTO BIZ_RECORD (
				BIZ_CATEGORY,
				CORRELATION_ID,
				BIZ_NAME,
				OPERATION,
				OPERATOR,
				CREATE_DATE,
				REMARKS
			)
			VALUES(
			#{recordVo.bizCategory,jdbcType=VARCHAR},
			#{recordVo.correlationId,jdbcType=VARCHAR},
			#{recordVo.bizName,jdbcType=VARCHAR},
			#{recordVo.operation,jdbcType=VARCHAR},
			#{recordVo.operator,jdbcType=VARCHAR},
			 NOW(),
			#{recordVo.remarks,jdbcType=VARCHAR}
			
			)
	</insert>

	<insert id="insertBizProcessVo" >
		insert into biz_process_t (
				businessId,
				processReviewerNameOne,
				processReviewerNameTwo,
				processReviewerNameThree,
				processReviewerNamefour,
				processReviewerNameFive,
				createDate
			)
			values(
			#{businessId,jdbcType=INTEGER},
			#{processReviewerNameOne,jdbcType=VARCHAR},
			#{processReviewerNameTwo,jdbcType=VARCHAR},
			#{processReviewerNameThree,jdbcType=VARCHAR},
			#{processReviewerNamefour,jdbcType=VARCHAR},
			#{processReviewerNameFive,jdbcType=VARCHAR},
			 NOW()
			)
	</insert>

	<select id="queryProductionPlanDataByPlanId" resultType="com.huawang.pojo.productionPlan.ProductionPlanVo">
		SELECT P.PLAN_ID AS PLANID,
			CASE
		WHEN P.`STATUS` = '0' THEN
			'审核中'
		WHEN P.`STATUS` = '1' THEN
			'已完成'
		WHEN P.`STATUS` = '2' THEN
			'实施中'
		WHEN P.`STATUS` = '3' THEN
			'已终止'
		WHEN P.`STATUS` = '4' THEN
			'被驳回'
		ELSE
			''
		END AS STATUS,
		CASE
		WHEN P.PLAN_TYPE  = '0' THEN
			'自产'
		ELSE
			'外购'	
		END	AS PLANTYPE,
		 P.PLANNING_CYCLE AS PLANNINGCYCLE,
		 P.START_TIME AS STARTTIME,
		 P.END_TIME AS ENDTIME,
		 P.DEMAND_PRODUCT AS DEMANDPRODUCT,
		 P.REQUIRED_QUANTITY AS REQUIREDQUANTITY,
		 P.AMOUNT_COMPLETED AS AMOUNTCOMPLETED,
		 P.RETIRED_QUANTITY AS RETIREDQUANTITY,
		 P.CREATE_BY AS CREATEBY,
		 P.CREATE_DATE AS CREATEDATE,
		 P.UPDATE_BY AS UPDATEBY,
		 P.UPDATE_DATE AS UPDATEDATE,
		 P.REMARKS AS REMARKS,
		 P.ATTACHMENTS AS ATTACHMENTS,
		 B.BUSINESSID AS "PROCESSVO.BUSINESSID",
		 B.PROCESSREVIEWERNAMEONE AS "PROCESSVO.PROCESSREVIEWERNAMEONE",
		 B.PROCESSREVIEWERNAMETWO AS "PROCESSVO.PROCESSREVIEWERNAMETWO",
		 B.PROCESSREVIEWERNAMETHREE AS "PROCESSVO.PROCESSREVIEWERNAMETHREE",
		 B.PROCESSREVIEWERNAMEFOUR AS "PROCESSVO.PROCESSREVIEWERNAMEFOUR",
		 B.PROCESSREVIEWERNAMEFIVE AS "PROCESSVO.PROCESSREVIEWERNAMEFIVE",
		 B.STRUTS AS "PROCESSVO.STRUTS"
		FROM
			PROD_PRODUCTION_PLAN P,
			BIZ_PROCESS_T B
		WHERE 1=1
		AND P.PLAN_ID = B.BUSINESSID
		AND P.PLAN_ID= #{planId,jdbcType=INTEGER}
	</select>
	
	<select id="getProductNameLList"
		resultType="com.huawang.pojo.productManagement.ProductManagementVo">
			SELECT
				S.PRODUCT_ID AS productId,
				S.PRODUCT_NAME AS productName
			FROM
				SYS_PRODUCT_MGT S
			
	</select>
	
	<select id="getBizProcessLists"
		resultType="com.huawang.pojo.productionPlan.BizProcessVo">
			SELECT
				t.processId AS processId,
				t.businessId AS businessId,
				t.processReviewerNameOne AS processReviewerNameOne,
				t.processReviewerNameTwo AS processReviewerNameTwo,
				t.processReviewerNameThree AS processReviewerNameThree,
				t.processReviewerNamefour AS processReviewerNamefour,
				t.processReviewerNameFive AS processReviewerNameFive
			FROM
				biz_process_t t
			WHERE
				t.businessId = #{planId,jdbcType=INTEGER}
			ORDER BY
  				t.createDate ASC
			
	</select>
	
	<update id="updateBizProcessStruts">
		UPDATE BIZ_PROCESS_T T
			SET T.updateDate =  NOW()
			<if test="processReviewerNameOne!=null">
				,T.processReviewerNameOne = #{processReviewerNameOne,jdbcType=VARCHAR}
			</if>
			<if test="processReviewerNameTwo!=null">
				,T.processReviewerNameTwo = #{processReviewerNameTwo,jdbcType=VARCHAR}
			</if>
			<if test="processReviewerNameThree!=null">
				,T.processReviewerNameThree = #{processReviewerNameThree,jdbcType=VARCHAR}
			</if>
			<if test="processReviewerNamefour!=null">
				,T.processReviewerNamefour = #{processReviewerNamefour,jdbcType=VARCHAR}
			</if>
			<if test="processReviewerNameFive!=null">
				,T.processReviewerNameFive = #{processReviewerNameFive,jdbcType=VARCHAR}
			</if>
			<if test="struts!=null">
				,T.struts = #{struts,jdbcType=VARCHAR}
			</if>
			<if test="remakes!=null">
				,T.remakes = #{remakes,jdbcType=VARCHAR}
			</if>
			WHERE
				T.businessId = #{businessId,jdbcType=INTEGER}
	</update>
	
	<update id="updateProductionPlanStruts">
		UPDATE PROD_PRODUCTION_PLAN p
			SET 
				p.update_date =  NOW()
			<if test="remarks!=null">
				,p.remarks = #{remarks,jdbcType=VARCHAR}
			</if>
			<if test="attachments!=null">
				,p.attachments = #{attachments,jdbcType=VARCHAR}
			</if>
			<if test="updateBy!=null">
				,p.update_by = #{updateBy,jdbcType=VARCHAR}
			</if>
			<if test="startTime!=null">
				,p.start_time = #{startTime,jdbcType=VARCHAR}
			</if>
			<if test="planningCycle!=null">
				,p.planning_cycle = #{planningCycle,jdbcType=VARCHAR}
			</if>
			<if test="planType!=null">
				,p.plan_type = #{planType,jdbcType=VARCHAR}
			</if>
			<if test="status!=null">
				,p.`status` = #{status,jdbcType=VARCHAR}
			</if>
			<if test="requiredQuantity!=null">
				,p.required_quantity = #{requiredQuantity,jdbcType=VARCHAR}
			</if>
			<if test="amountCompleted!=null">
				,p.amount_completed = #{amountCompleted,jdbcType=VARCHAR}
			</if>
			<if test="retiredQuantity!=null">
				,p.retired_quantity = #{retiredQuantity,jdbcType=VARCHAR}
			</if>
			
			WHERE
				p.plan_id = #{planId,jdbcType=INTEGER}
	
	</update>
	
	<insert id="insertProdProductionList" >
		insert into prod_production_list (
				plan_id,
				p_status
			)
			values(
			#{planId,jdbcType=INTEGER},
			#{pStatus,jdbcType=VARCHAR}
			)
	</insert>
	
	<select id="queryBizRecordListByPlanId"
		resultType="com.huawang.pojo.productionPlan.BizRecordVo">
			SELECT
			b.biz_record_id AS bizRecordId,
			b.biz_category AS bizCategory,
			b.correlation_id AS correlationId,
			b.biz_name AS bizName,
			b.operation AS operation,
			b.operator AS operator,
			b.create_date AS createDate
		FROM
			biz_record b
		WHERE
			b.correlation_id = #{planId,jdbcType=INTEGER} and b.biz_category = #{dataId,jdbcType=VARCHAR}
			
	</select>
	
</mapper>