<?xml version="1.0" encoding="GB2312"?>
<!DOCTYPE log4j:configuration SYSTEM "log4j.dtd">
<log4j:configuration xmlns:log4j='http://jakarta.apache.org/log4j/'>

	<appender name="BillDriver" class="org.apache.log4j.DailyRollingFileAppender">
		<param name="File" value="d:/wls/applogs/rtlog/rcpm_taskLog/BillBusiness_INFO.log"/>
		<param name="Append" value="true"/>
		<param name="DatePattern" value="'.'yyyy-MM-dd"/>
		<layout class="org.apache.log4j.PatternLayout">
			<param name="ConversionPattern" value="%d{yyyy-MM-dd HH:mm:ss} [%-5p][%c{1}] - %m%n"/>
		</layout>
	</appender>
	
	
	
	<logger name="BillDriver">
		<level value="debug" />
		<appender-ref ref="BillBusiness"/>
	</logger>

</log4j:configuration>