<?xml version="1.0" encoding="UTF-8"?>
<!DOCTYPE mapper PUBLIC "-//mybatis.org//DTD Mapper 3.0//EN" "http://mybatis.org/dtd/mybatis-3-mapper.dtd" >
<mapper namespace="com.huawang.dao.operation.TServerinfoDao">

	<sql id="query_data_where1">
		SELECT t.ServerID AS serverId,
			   t.ServerName AS serverName,
		       t.ServerIP AS serverIp,
		       t.ServerPort AS serverPort,
			   t.ServerType AS serverType,
			   t.ParentId AS parentId,
			   t.ParentServerIP AS parentServerIp,
			   t.IsPad AS isPad,
			   t.VsersionNum AS vsersionNum,t.VsersionInfo AS vsersionInfo,
			   t.LocalIP AS localIp,
		       (SELECT SUM(upBit) from t_serverinfo t2 left JOIN t_serverbitinfo t3 on t2.ServerID =t3.ServerID where t2.ServerID in
			   (select ServerID from  t_serverinfo where ParentId =t.ServerID))AS upBit,
			    t1.UserCount AS userCount 
		       FROM
			     t_serverinfo t  LEFT JOIN t_serverbitinfo t1 ON t.ServerID = t1.ServerID
				WHERE 1 = 1 
	</sql>
	
	<sql id="query_data_where">
		SELECT
			t.ServerID AS serverId,
			t.ServerName AS serverName,
			t.ServerIP AS serverIp,
			t.ServerPort AS serverPort,
			t.ServerType AS serverType,
			t.ParentId AS parentId,
			t.ParentServerIP AS parentServerIp,
			t.IsPad AS isPad,
			t.VsersionNum AS vsersionNum,
			t.VsersionInfo AS vsersionInfo,
			t.LocalIP AS localIp 
		FROM
			t_serverinfo t  
		WHERE
			1 = 1
	</sql>
	
	<select id="selectByIdClusterCsCount" resultType="Integer">
		SELECT COUNT(1) FROM 
			t_serverinfo t
		WHERE 1 = 1
		<include refid="query_data_where3"></include>
	</select>
	
	<select id="selectByIdClusterCs" resultType="com.huawang.pojo.operation.TServerinfo">
		<include refid="query_data_where"></include>
		<include refid="query_data_where3"></include>
		limit #{i,jdbcType=INTEGER},#{rows,jdbcType=INTEGER}
	</select> 
	
	<select id="selectByIdCsCount" resultType="Integer">
		SELECT COUNT(1) FROM 
			t_serverinfo t
		WHERE 1 = 1
		 and t.ServerType = '0' AND t.IsPad = '0'
	</select>
	
	<select id="selectByIdCs" resultType="com.huawang.pojo.operation.TServerinfo">
		<include refid="query_data_where"></include>
		 and  t.ServerType = '0' AND t.IsPad = '0'
		limit #{i,jdbcType=INTEGER},#{rows,jdbcType=INTEGER}
	</select> 
	
	<sql id="query_twoT_where1">
		SELECT
			t1.ServerID,
			t1.ServerName,
			t1.ServerIP,
			t1.ServerType,
			t1.IsPad
		FROM
			t_serverinfo t1
		LEFT JOIN t_servergroupinfo t2 ON t1.ServerID = t2.groupid
		WHERE
			1=1
	</sql>
	
	<sql id="query_data_where2">
		<if test='serverinfo.serverName!=null and serverinfo.serverName!=""'>
			and t.ServerName like "%" #{serverinfo.serverName,jdbcType=VARCHAR} "%"
		</if>
		<if test='serverinfo.serverIp!=null and serverinfo.serverIp!=""'>
			and t.ServerIP= #{serverinfo.serverIp,jdbcType=VARCHAR}
		</if>
		<if test='serverinfo.serverType!=null and serverinfo.serverType!=""'>
			and t.ServerType= #{serverinfo.serverType,jdbcType=VARCHAR}
		</if>
		<if test='serverinfo.serverId!=null and serverinfo.serverId!=""'>
			and t.ServerID= #{serverinfo.serverId,jdbcType=INTEGER}
		</if>
	</sql>

	<sql id="query_data_where3">
		<if test='mark=="cs"'>
			AND ((
					t.ServerType = '0' AND t.IsPad = '0'
				)
				OR (
					t.ServerType = '1' AND t.IsPad = '0'
				))
		</if>
		<if test='mark=="cluster"'>
			AND (t.ServerType = '0' AND t.IsPad = '1')
		</if>
		<if test='mark=="ms"'>
			AND (t.ServerType = '2' AND t.IsPad = '0')
			<if test='serverId!=null and serverId!=""'>
				AND t.ParentId = #{serverId,jdbcType=INTEGER}
			</if>
		</if>
		<if test='mark=="ds"'>
			AND (t.ServerType = '3' AND t.IsPad = '0')
		</if>
	</sql>
	
	<sql id="query_msdata_where1">
		SELECT
			t.ServerID AS serverId,
			t.ServerName AS serverName,
			t.ServerIP AS serverIp,
			t.LocalIP AS localIp,
			t.ServerType AS serverType,
			t2.UserCount AS userCount,
			t2.UpBit AS upBit
		FROM
			t_serverinfo t
		LEFT JOIN t_serverbitinfo t2 ON t.ServerID = t2.ServerID
		WHERE
			1 = 1
		AND	t.ServerType = '2'
		AND t.IsPad = '0'
	</sql>
	
	<select id="getCSDataCounts" resultType="Integer">
		SELECT COUNT(1) 
		       FROM
			     t_serverinfo t  LEFT JOIN 
			     t_serverbitinfo t1 ON t.ServerID = t1.ServerID
				WHERE 1 = 1 
		<include refid="query_data_where2"></include>
		<include refid="query_data_where3"></include>
	</select>
	
	<select id="getCSData" resultType="com.huawang.pojo.operation.TServerinfo">
		<include refid="query_data_where"></include>
	    <include refid="query_data_where2"></include>
	    <include refid="query_data_where3"></include>
		ORDER BY
			 t.ServerID DESC limit #{i,jdbcType=INTEGER},#{rows,jdbcType=INTEGER}
	</select>
	
	<select id="getClusterData" resultType="com.huawang.pojo.operation.TServerinfo">
			SELECT t.ServerID AS serverId,
			t.ServerName AS serverName, 
			(SELECT count(t3.ServerID) from t_serverinfo t3 
			LEFT JOIN t_servergroupinfo t4 
		ON t3.ServerID =t4.serverid where t4.groupid =t.ServerID) as clusterCounts 
				FROM t_serverinfo t  
				LEFT JOIN t_serverbitinfo t1 ON t.ServerID = t1.ServerID WHERE 1 = 1  
		<include refid="query_data_where2"></include>
		<include refid="query_data_where3"></include>
		ORDER BY  t.ServerID DESC
		limit #{i,jdbcType=INTEGER},#{rows,jdbcType=INTEGER}
	</select>
	<select id="getClusterDataCount" resultType="Integer">
			SELECT count(1) FROM t_serverinfo t  
				LEFT JOIN t_serverbitinfo t1 ON t.ServerID = t1.ServerID WHERE 1 = 1
		<include refid="query_data_where2"></include>
		<include refid="query_data_where3"></include>
	</select>
	
	
	
	<select id="getMSDataCounts" resultType="Integer">
		SELECT count(1)
			FROM
			t_serverinfo t
		LEFT JOIN t_serverbitinfo t2 ON t.ServerID = t2.ServerID
		WHERE 1 = 1
		AND	t.ServerType = '2'
		AND t.IsPad = '0'
		<if test='serverinfo.serverName!=null and serverinfo.serverName!=""'>
				and t.ServerName like "%" #{serverinfo.serverName,jdbcType=VARCHAR} "%"
			</if>
			<if test='serverinfo.serverIp!=null and serverinfo.serverIp!=""'>
				and t.ServerIP= #{serverinfo.serverIp,jdbcType=VARCHAR}
			</if>
			
	    	AND t.ParentId = #{serverId,jdbcType=INTEGER}
	</select>
	
	<select id="getMSData" resultType="com.huawang.pojo.operation.TServerinfo">
		 	<include refid="query_msdata_where1"></include> 
	    	<if test='serverinfo.serverName!=null and serverinfo.serverName!=""'>
				and t.ServerName like "%" #{serverinfo.serverName,jdbcType=VARCHAR} "%"
			</if>
			<if test='serverinfo.serverIp!=null and serverinfo.serverIp!=""'>
				and t.ServerIP= #{serverinfo.serverIp,jdbcType=VARCHAR}
			</if>
			
	    	AND t.ParentId = #{serverId,jdbcType=INTEGER}
		ORDER BY
			t.createDate desc
	</select>
	
	<insert id="addTServerinfo">
		INSERT INTO t_serverinfo (
				ServerName,
				ServerIP,
				ServerType,
				ParentId,
				ServerPort,
				IsPad,
				LocalIP,
				createBy,
				createDate
			)
			VALUES(
			<trim>#{serverinfo.serverName,jdbcType=VARCHAR}</trim>,
			#{serverinfo.serverIp,jdbcType=VARCHAR},
			#{serverinfo.serverType,jdbcType=VARCHAR},
			#{serverinfo.serverId,jdbcType=INTEGER},
			#{serverinfo.serverPort,jdbcType=INTEGER},
			#{serverinfo.isPad,jdbcType=VARCHAR},
			#{serverinfo.localIp,jdbcType=VARCHAR},
			#{serverinfo.createBy,jdbcType=VARCHAR},
			now()
			)
	
	</insert>
	
	<update id="editTServerinfo">
		UPDATE t_serverinfo T
			SET T.updateDate =  NOW()
			<if test='serverinfo.updateBy!=null and serverinfo.updateBy!=""'>
				,T.updateBy = #{serverinfo.updateBy,jdbcType=VARCHAR}
			</if>
			<if test='serverinfo.serverName!=null and serverinfo.serverName!=""'>
				,T.ServerName = <trim>#{serverinfo.serverName,jdbcType=VARCHAR}</trim>
			</if>
			<if test='serverinfo.serverIp!=null and serverinfo.serverIp!=""'>
				,T.ServerIP = #{serverinfo.serverIp,jdbcType=VARCHAR}
			</if>
			<if test='serverinfo.localIp!=null and serverinfo.localIp!=""'>
				,T.LocalIP = #{serverinfo.localIp,jdbcType=VARCHAR}
			</if>
			<if test='serverinfo.serverType!=null and serverinfo.serverType!=""'>
				,T.serverType = #{serverinfo.serverType,jdbcType=INTEGER}
			</if>
			
			WHERE
				T.ServerID = #{serverinfo.serverId,jdbcType=INTEGER}
	</update>
	
	<insert id="addTServerGroupSingle">
		INSERT INTO t_servergroupinfo (
				serverid,
				groupid,
				Level
			)
			VALUES
			(#{groupInfo.serverId,jdbcType=INTEGER},
			 #{groupInfo.groupid,jdbcType=INTEGER},
			 #{groupInfo.Level,jdbcType=INTEGER}
			)
	</insert>
	<insert id="addTServerGroupInfo">
		INSERT INTO t_servergroupinfo (
				serverid,
				groupid,
				Level
			)
			VALUES
			
			<if test='groupInfo.mark=="2"'>
				<foreach collection="groupInfo.strList" item="item" index= "index" separator =",">
					(
					#{groupInfo.serverId,jdbcType=INTEGER},
					#{item,jdbcType=INTEGER},
					#{groupInfo.serverId,jdbcType=INTEGER}
					)
				</foreach>
			</if>
			<if test='groupInfo.mark=="1"'>
				<foreach collection="groupInfo.strList" item="item" index= "index" separator =",">
					(
					#{item,jdbcType=INTEGER},
					#{groupInfo.serverId,jdbcType=INTEGER},
					#{item,jdbcType=INTEGER}
					)
				</foreach>
			</if>
	</insert>
	
	
	
	<delete id="delTServerGroupInfoByServerId">
		DELETE FROM t_servergroupinfo  WHERE serverid=#{serverId,jdbcType=INTEGER} AND groupid=#{groupid,jdbcType=INTEGER}
	</delete>
	
	<select id="getCSAndCluster" resultType="com.huawang.pojo.operation.TServerinfo">
		<include refid="query_twoT_where1"></include>
		AND t2.ServerID = #{serverId}
		<if test='serverinfo.serverName!=null and serverinfo.serverName!=""'>
			AND t1.ServerName like "%" #{serverinfo.serverName,jdbcType=VARCHAR} "%"
		</if>
		ORDER BY t1.createDate DESC
			limit #{i,jdbcType=INTEGER},#{rows,jdbcType=INTEGER}
	</select>
	 
	<select id="getCSAndClusterCounts" resultType="Integer">
		SELECT COUNT(1) 
			FROM
			t_serverinfo t1
		LEFT JOIN t_servergroupinfo t2 ON t1.ServerID = t2.groupid
		WHERE 1=1
		AND t2.ServerID = #{serverId}	 
		<if test='serverinfo.serverName!=null and serverinfo.serverName!=""'>
			AND t1.ServerName like "%" #{serverinfo.serverName,jdbcType=VARCHAR} "%"
		</if>
	</select>
	
	<select id="getServerNameList" resultType="String">
			SELECT	ServerName FROM t_serverinfo t WHERE ServerID = #{serverId,jdbcType=INTEGER}
	</select>
	
	<select id="getCSAndCluster02" resultType="com.huawang.pojo.operation.TServerinfo">
		SELECT
			t1.ServerID,
			t2.ServerName,
			t2.ServerIP,
			t2.ServerType,
			t2.IsPad,
			t2.LocalIP
		FROM
			t_servergroupinfo t1
		INNER JOIN t_serverinfo t2 ON t1.serverid = t2.ServerID
		WHERE
			1 = 1
		AND t1.groupid = #{serverId,jdbcType=INTEGER}
		<if test='serverinfo.serverName!=null and serverinfo.serverName!=""'>
			AND t2.ServerName like "%" #{serverinfo.serverName,jdbcType=VARCHAR} "%"
		</if>
		<if test='serverinfo.serverIp!=null and serverinfo.serverIp!=""'>
			AND t2.ServerIP = #{serverinfo.serverIp,jdbcType=VARCHAR} 
		</if>
		ORDER BY t2.createDate DESC 
				limit #{i,jdbcType=INTEGER},#{rows,jdbcType=INTEGER}
	</select>
	
	<select id="getCSAndClusterCounts02" resultType="Integer">
		SELECT
			COUNT(1)
		FROM
			t_servergroupinfo t1
		INNER JOIN t_serverinfo t2 ON t1.serverid = t2.ServerID
		WHERE
			1 = 1
		AND t1.groupid = #{serverId,jdbcType=INTEGER}
		<if test='serverinfo.serverName!=null and serverinfo.serverName!=""'>
			AND t2.ServerName like "%" #{serverinfo.serverName,jdbcType=VARCHAR} "%"
		</if>
		<if test='serverinfo.serverIp!=null and serverinfo.serverIp!=""'>
			AND t2.ServerIP = #{serverinfo.serverIp,jdbcType=VARCHAR} 
		</if>
	</select>
	
	
	<select id="getStrList" resultType="com.huawang.pojo.operation.TServerbitinfo">
		SELECT
			t.UserCount AS userCount,
			t.UpBit AS upBit
		FROM
			t_serverbitinfo t
		WHERE
		t.ServerID = #{serverId,jdbcType=INTEGER}
	</select>
	
	<select id="getParentIdCounts" resultType="Integer">
		select count(1) from t_serverbitinfo t where t.ServerID = #{parentId,jdbcType=INTEGER}
	</select>
	
	<select id="getServieData" resultType="com.huawang.pojo.operation.TServerinfo">
	
		<include refid="query_data_where1"></include>
		<if test='mark=="cs"'>
			AND ((
					t.ServerType = '0' AND t.IsPad = '0'
				)
				OR (
					t.ServerType = '1' AND t.IsPad = '0'
				))
		</if>
		<if test='mark=="cascade"'>
			AND t.ServerType = '0' AND t.IsPad = '0'
		</if>
		<if test='mark=="independent"'>
			AND t.ServerType = '1' AND t.IsPad = '0'
		</if>
		<if test='mark=="cluster"'>
			AND (t.ServerType = '0' AND t.IsPad = '1')
		</if>
		<if test='mark=="ms"'>
			AND (t.ServerType = '2' AND t.IsPad = '0')
			<if test='serverId!=null and serverId!=""'>
				AND t.ParentId = #{serverId,jdbcType=INTEGER}
			</if>
		</if>
		<if test='mark=="ds"'>
			AND (t.ServerType = '3' AND t.IsPad = '0')
		</if>
		<if test='serverinfo.serverId!=null and serverinfo.serverId!=""'>
			AND t.serverId != #{serverinfo.serverId,jdbcType=INTEGER}
		</if>
	</select>
	<update id="addServerData">
		UPDATE t_serverinfo t
		SET t.ParentId = #{serverinfo.serverId,jdbcType=INTEGER}
		WHERE
			ServerID IN 
			<foreach collection="serverinfo.strList" index="item" open="(" separator="," close=")" item="item" >
            	#{item}
        	</foreach> 
	</update>
	
	<update id="updateMSServerData">
		UPDATE t_serverinfo t
		SET t.ParentId = #{serverinfo.parentId,jdbcType=INTEGER}
		WHERE
			ServerID =#{serverinfo.serverId,jdbcType=INTEGER } 
	</update>
	
	<sql id="query_verification_where1">
		<if test='serverMark=="cs"'>
			AND ((
					t.ServerType = '0' AND t.IsPad = '0'
				)
				OR (
					t.ServerType = '1' AND t.IsPad = '0'
				))
		</if>
		<if test='serverMark=="ms"'>
			AND (t.ServerType = '2' AND t.IsPad = '0')
		</if>
		<if test='serverMark=="ds"'>
			AND (t.ServerType = '3' AND t.IsPad = '0')
		</if>
		<if test='serverMark=="cluster"'>
			AND (t.ServerType = '0' AND t.IsPad = '1')
		</if>
	</sql>
	<sql id="query_nameById">
		<if test='serverinfo.serverId!=null  and serverinfo.serverId!=""'>
			and t.ServerID  &lt;&gt; #{serverinfo.serverId,jdbcType=VARCHAR}
		</if>
	</sql>
	
	<select id="verificationServerName" resultType="Integer"> 
		SELECT COUNT(1) FROM t_serverinfo t WHERE t.ServerName = #{serverinfo.serverName,jdbcType=VARCHAR}
		<include refid="query_verification_where1"></include>
		<include refid="query_nameById"></include>
	</select>
	
	<select id="verificationServerIp" resultType="Integer"> 
		SELECT COUNT(1) FROM t_serverinfo t WHERE t.ServerIP = #{serverIp,jdbcType=VARCHAR}
		<include refid="query_verification_where1"></include>
	</select>
	<select id="verificationLocalIp" resultType="Integer"> 
		SELECT COUNT(1) FROM t_serverinfo t WHERE t.LocalIP = #{localIp,jdbcType=VARCHAR}
		<include refid="query_verification_where1"></include>
	</select>
	<select id="verificationServerNameForCluster" resultType="Integer"> 
		SELECT COUNT(1) FROM t_serverinfo t WHERE t.ServerName = #{clusterServerName,jdbcType=VARCHAR}
		<include refid="query_verification_where1"></include>
	</select>
	
	<select id="getTserverGroupinfoData" resultType="com.huawang.pojo.operation.TServerinfo">
		<include refid="query_data_where1"></include>
		<if test='mark=="cs"'>
			AND ((
					t.ServerType = '0' AND t.IsPad = '0'
				)
				OR (
					t.ServerType = '1' AND t.IsPad = '0'
				))
			AND T.ServerID NOT IN (
				SELECT serverid FROM t_servergroupinfo t1
				WHERE
					t1.groupid = #{serverId,jdbcType=INTEGER}
			)				
		</if>
		<if test='mark=="cluster"'>
			AND (t.ServerType = '0' AND t.IsPad = '1')
			AND T.ServerID NOT IN (
				SELECT groupid FROM t_servergroupinfo t1
				WHERE
					t1.serverid = #{serverId,jdbcType=INTEGER}
			)
		</if>
	</select>
	
	<select id="getTserverId" resultType="String">
		SELECT ServerID FROM t_serverinfo t WHERE t.ParentId = #{parentId,jdbcType=INTEGER}
	</select>
	
	<select id="getAllDatas" resultType="com.huawang.pojo.operation.TServerinfo">
		<include refid="query_data_where"></include>
		AND t.ServerID = #{serverinfo.serverId,jdbcType=INTEGER}
	</select>
	
	<select id="getCounts" resultType="com.huawang.pojo.operation.TServerinfo"> 
		SELECT t.serverid AS serverId ,t.groupid AS groupid FROM t_servergroupinfo t WHERE t.groupid = #{serverId,jdbcType=INTEGER}
	</select>
	
</mapper>