<?xml version="1.0" encoding="UTF-8"?>
<!DOCTYPE mapper PUBLIC "-//mybatis.org//DTD Mapper 3.0//EN" "http://mybatis.org/dtd/mybatis-3-mapper.dtd" >
<mapper namespace="com.huawang.dao.company.DeviceDao">

	<select id="getDeviceList" resultType="java.util.Map">
		select 
			t.id,
			t.deviceId,
			t.state AS deviceState,
			t.deviceName,
			t.state,
			t.pinCode,
			t.createTime,
			t.updateTime,
			t.CompID,
			t.CompTrueName,
			t.price,
			t.deviceModel,
			t.createrId,
			t.createrName
		FROM t_device_definition t
		WHERE t.CompID=#{compId,jdbcType=VARCHAR}
		<if test="state !=null and state!=''">
	    		and t.state=#{state,jdbcType=VARCHAR}
	    </if>
	    <if test="deviceId !=null and deviceId!=''">
	    		and t.deviceId like CONCAT('%',#{deviceId,jdbcType=VARCHAR},'%')
	    </if>
		ORDER BY t.updateTime desc
		LIMIT #{page.startRow,jdbcType=INTEGER},#{page.pageSize,jdbcType=INTEGER}
	</select>
	
	<select id="getDeviceListCount" resultType="int">
		select 
			count(1)
		FROM t_device_definition t
		WHERE t.CompID=#{compId,jdbcType=VARCHAR}
		<if test="state !=null and state!=''">
	    		and t.state=#{state,jdbcType=VARCHAR}
	    </if>
	    <if test="deviceId !=null and deviceId!=''">
	    		and t.deviceId like CONCAT('%',#{deviceId,jdbcType=VARCHAR},'%')
	    </if>
	</select>
	
	
	<update id="untieDevice" >
		update t_device_definition 
		set state='',
			updateTime=date_format(now(), '%Y-%m-%d %H:%i:%S')  
		where deviceId=#{deviceId,jdbcType=VARCHAR}
	</update>
	
	
	<insert id="addDeviceRecord" parameterType="com.huawang.pojo.company.DeviceRecordVO">
		insert into t_device_record(
			deviceId,
			deviceName,
			CompTrueName,
			CompID,
			createTime,
			createrId,
			createrName,
			state,
			remark,
			deviceModel
		)values(
			#{deviceRecordVO.deviceId},
			#{deviceRecordVO.deviceName},
			#{deviceRecordVO.CompTrueName},
			#{deviceRecordVO.CompID},
			#{deviceRecordVO.createTime},
			#{deviceRecordVO.createrId},
			#{deviceRecordVO.createrName},
			#{deviceRecordVO.state},
			#{deviceRecordVO.remark},
			#{deviceRecordVO.deviceModel}
		)
	</insert>
	
	<delete id="removeDevice">
		delete from t_device_definition
		where deviceId=#{deviceId,jdbcType=VARCHAR}
	</delete>
	
	
	<insert id="addDevice" parameterType="com.huawang.pojo.company.DeviceVO">
		insert into t_device_definition(
			deviceId,
			deviceName,
			state,
			pinCode,
			createTime,
			updateTime,
			CompID,
			CompTrueName,
			price,
			deviceModel,
			createrId,
			createrName
		)values(
			#{deviceVO.deviceId},
			#{deviceVO.deviceName},
			#{deviceVO.state},
			#{deviceVO.pinCode},
			#{deviceVO.createTime},
			#{deviceVO.updateTime},
			#{deviceVO.CompID},
			#{deviceVO.CompTrueName},
			#{deviceVO.price},
			#{deviceVO.deviceModel},
			#{deviceVO.createrId},
			#{deviceVO.createrName}
		)
	</insert>
	
	<select id="getDeviceInfo" resultType="java.util.Map">
		select 
				id,
				deviceId,
				deviceName,
				state,
				pinCode,
				createTime,
				updateTime,
				CompID,
				CompTrueName,
				price,
				deviceModel,
				createrId,
				createrName
		from 	t_device_definition
		where deviceId=#{deviceId,jdbcType=VARCHAR}
			
	</select>
	
	<select id="getDeviceCountBydeviceId" resultType="int">
		select 
				count(1)
		from 	t_device_definition
		where deviceId=#{deviceId,jdbcType=VARCHAR}
			
	</select>
	
	<update id="updateDevice" parameterType="com.huawang.pojo.company.DeviceVO">
		update t_device_definition
		set deviceName=#{deviceVO.deviceName,jdbcType=VARCHAR},
			updateTime=date_format(now(), '%Y-%m-%d %H:%i:%S')
		where deviceId=#{deviceVO.deviceId,jdbcType=VARCHAR}
	</update>

</mapper>





















