<?xml version="1.0" encoding="UTF-8"?>
<!DOCTYPE mapper PUBLIC "-//mybatis.org//DTD Mapper 3.0//EN" "http://mybatis.org/dtd/mybatis-3-mapper.dtd" >
<mapper namespace="com.huawang.dao.company.OrderDao">

	<select id="getOrderList" resultType="com.huawang.pojo.company.OrderVOExtend">
		select 
			ot.state,
			tpd.ProductName as productName,
			tsp.packageName,
			tsp.minuteCount,
			tsp.packagePrice,
			t.price	as	price,
			<include refid="sql_basic_column"/>
		FROM t_order t
		LEFT JOIN t_product_definition tpd ON t.o_Product = tpd.ProductId
		LEFT JOIN t_order_ticket_mapping otm ON t.id=otm.oId
		LEFT JOIN t_order_ticket ot ON otm.otId=ot.otId
		LEFT JOIN t_sale_package tsp ON t.spid=tsp.spid
		WHERE t.o_CompID=#{compID,jdbcType=VARCHAR}
		AND t.o_sellType=#{osellType,jdbcType=VARCHAR}
		ORDER BY t.o_CreateTime
		LIMIT #{page.startRow,jdbcType=INTEGER},#{page.pageSize,jdbcType=INTEGER}
	</select>
	
	<select id="getOrderListCount" resultType="int">
		select 
			count(1)
		FROM t_order t
		LEFT JOIN t_product_definition tpd ON t.o_Product = tpd.ProductId
		LEFT JOIN t_order_ticket_mapping otm ON t.id=otm.oId
		LEFT JOIN t_order_ticket ot ON otm.otId=ot.otId
		WHERE t.o_CompID=#{compID,jdbcType=VARCHAR}
		AND t.o_sellType=#{osellType,jdbcType=VARCHAR}
	</select>
	
	<select id="getTimeOrderListCount" resultType="int">
		select 
			count(1)
		FROM t_timeorder t
		LEFT JOIN t_product_definition tpd ON t.o_Product = tpd.ProductId
		LEFT JOIN t_order_ticket_mapping otm ON t.id=otm.oId
		LEFT JOIN t_order_ticket ot ON otm.otId=ot.otId
		WHERE t.o_CompID=#{compID,jdbcType=VARCHAR}
		AND t.o_sellType=#{osellType,jdbcType=VARCHAR}
	</select>
	
	<select id="getTimeOrderList" resultType="com.huawang.pojo.company.OrderVOExtend">
		select 
			ot.state,
			tpd.ProductName as productName,
			tsp.packageName,
			tsp.minuteCount,
			tsp.packagePrice,
			t.o_amount	as	price,
			<include refid="sql_basic_column"/>
		FROM t_timeorder t
		LEFT JOIN t_product_definition tpd ON t.o_Product = tpd.ProductId
		LEFT JOIN t_order_ticket_mapping otm ON t.id=otm.oId
		LEFT JOIN t_order_ticket ot ON otm.otId=ot.otId
		LEFT JOIN t_sale_package tsp ON t.spid=tsp.spid
		WHERE t.o_CompID=#{compID,jdbcType=VARCHAR}
		AND t.o_sellType=#{osellType,jdbcType=VARCHAR}
		ORDER BY t.o_CreateTime
		LIMIT #{page.startRow,jdbcType=INTEGER},#{page.pageSize,jdbcType=INTEGER}
	</select>
	
	<sql id="sql_basic_column">
		t.id	as	id,
		t.o_Type	as	oType,
		t.o_MaxUserCount	as	oMaxUserCount,
		t.o_Product	as	oProduct,
		t.o_UseDays	as	oUseDays,
		t.o_CreateDate	as	oCreateDate,
		t.o_EndDate	as	oEndDate,
		t.o_UseTimes	as	oUseTimes,
		t.o_Remark	as	oRemark,
		t.o_Status	as	oStatus,
		t.o_AdminID	as	oAdminID,
		t.o_ApproveID	as	oApproveID,
		t.o_CreateUser	as	oCreateUser,
		t.o_CreateTime	as	oCreateTime,
		t.o_UpdateUser	as	oUpdateUser,
		t.o_UpdateTime	as	oUpdateTime,
		t.o_CompID	as	oCompID,
		t.o_Opinion	as	oOpinion,
		t.o_flow	as	oflow,
		t.o_bak1	as	obak1,
		t.o_bak2	as	obak2,
		t.source	as	source,
		t.o_CompName	as	oCompName,
		t.o_SignRadio	as	oSignRadio,
		t.o_Style	as	oStyle,
		t.o_sellType	as	osellType,
		t.createType	as	createType,
		t.oaid	as	oaid,
		t.spid	as	spid
	</sql>

</mapper>





















